agency_id,recipient,fiscal_year,program,amount,award_number
CA-01008,ALAMEDA COUNTY FIRE DEPARTMENT,2023,Assistance to Firefighters Grants,1131922.94,EMW-2023-FG-00732
CA-01008,ALAMEDA COUNTY FIRE DEPARTMENT,2023,Port Security Grant Program,443633,EMW-2023-PU-00501
CA-01008,ALAMEDA COUNTY FIRE DEPARTMENT,2020,Assistance to Firefighters Grants (Supplemental),210515.63,EMW-2020-FG-00358
CA-01008,ALAMEDA COUNTY FIRE DEPARTMENT,2020,Port Security Grant Program,21772.84,EMW-2020-PU-00285
CA-01010,ALBANY FIRE DEPT.,2012,Assistance to Firefighters Grants,136802,EMW-2012-FR-00140
CA-01010,ALBANY FIRE DEPT.,2012,Assistance to Firefighters Grants,129141,EMW-2012-FV-01784
CA-01010,ALBANY FIRE DEPT.,2008,Assistance to Firefighters Grants,517750,EMW-2008-FV-02089
CA-01010,ALBANY FIRE DEPT.,2007,Assistance to Firefighters Grants,100011,EMW-2007-FO-11392
CA-01010,ALBANY FIRE DEPT.,2005,Assistance to Firefighters Grants,9764,EMW-2005-FG-07429
CA-02008,BEAR VALLEY FIRE DEPARTMENT,2009,Assistance to Firefighters Grants,63780,EMW-2009-FO-01291
CA-03006,AMADOR FIRE PROTECTION DISTRICT,2021,Staffing for Adequate Fire and Emergency Response (SAFER) (Supplemental),474160,EMW-2021-FF-01057
CA-03006,AMADOR FIRE PROTECTION DISTRICT,2021,Assistance to Firefighters Grants (Supplemental),29090.9,EMW-2021-FG-06544
CA-03006,AMADOR FIRE PROTECTION DISTRICT,2015,Assistance to Firefighters Grants,15317,EMW-2015-FO-03982
CA-03006,AMADOR FIRE PROTECTION DISTRICT,2014,Assistance to Firefighters Grants,338182,EMW-2014-FO-03936
CA-03022,LOCKWOOD FIRE PROTECTION DISTRICT,2020,Assistance to Firefighters Grants (Supplemental),2488.19,EMW-2020-FG-01765
CA-03035,SUTTER CREEK FIRE PROTECTION DISTRICT,2006,Assistance to Firefighters Grants,54103,EMW-2006-FG-17382
CA-03070,JACKSON RANCHERIA FIRE DEPARTMENT,2013,Assistance to Firefighters Grants,24648,EMW-2013-FO-01203
CA-04035,BUTTE COUNTY FIRE DEPARTMENT,2019,Fire Prevention and Safety,533567.97,EMW-2019-FP-00147
CA-04035,BUTTE COUNTY FIRE DEPARTMENT,2017,Staffing for Adequate Fire and Emergency Response (SAFER),311000,EMW-2017-FF-00363
CA-04035,BUTTE COUNTY FIRE DEPARTMENT,2013,Staffing for Adequate Fire and Emergency Response (SAFER),335879.44,EMW-2013-FF-00287
CA-04035,BUTTE COUNTY FIRE DEPARTMENT,2010,Staffing for Adequate Fire and Emergency Response (SAFER),480837,EMW-2010-FH-00027
CA-04035,BUTTE COUNTY FIRE DEPARTMENT,2010,Assistance to Firefighters Grants,672801.18,EMW-2010-FO-04766
CA-04035,BUTTE COUNTY FIRE DEPARTMENT,2009,Staffing for Adequate Fire and Emergency Response (SAFER),2142030,EMW-2009-FH-00535
CA-04035,BUTTE COUNTY FIRE DEPARTMENT,2009,Assistance to Firefighters Grants,286192.16,EMW-2009-FO-02791
CA-04035,BUTTE COUNTY FIRE DEPARTMENT,2006,Assistance to Firefighters Grants,250375,EMW-2006-FG-03287
CA-05015,EBBETTS PASS FIRE DISTRICT,2022,Assistance to Firefighters Grants,57142.85,EMW-2022-FG-03220
CA-05015,EBBETTS PASS FIRE DISTRICT,2021,Assistance to Firefighters Grants,510714.28,EMW-2021-FG-00605
CA-05015,EBBETTS PASS FIRE DISTRICT,2021,Assistance to Firefighters Grants,32685.71,EMW-2021-FG-00924
CA-05015,EBBETTS PASS FIRE DISTRICT,2020,Assistance to Firefighters Grants (Supplemental),4536.67,EMW-2020-FG-00724
CA-05015,EBBETTS PASS FIRE DISTRICT,2020,Assistance to Firefighters Grants,15714.29,EMW-2020-FG-11033
CA-05015,EBBETTS PASS FIRE DISTRICT,2019,Assistance to Firefighters Grants,74170.48,EMW-2019-FG-00273
CA-05015,EBBETTS PASS FIRE DISTRICT,2018,Assistance to Firefighters Grants,216745.71,EMW-2018-FO-00727
CA-05015,EBBETTS PASS FIRE DISTRICT,2009,Assistance to Firefighters Grants,79020,EMW-2009-FO-09864
CA-05015,EBBETTS PASS FIRE DISTRICT,2005,Assistance to Firefighters Grants,60708,EMW-2005-FG-04917
CA-05030,MURPHYS FIRE PROTECTION DISTRICT,2017,Assistance to Firefighters Grants,35834,EMW-2017-FO-04517
CA-05030,MURPHYS FIRE PROTECTION DISTRICT,2010,Assistance to Firefighters Grants,74423,EMW-2010-FO-08177
CA-05030,MURPHYS FIRE PROTECTION DISTRICT,2008,Assistance to Firefighters Grants,46673,EMW-2008-FO-08620
CA-05030,MURPHYS FIRE PROTECTION DISTRICT,2006,Assistance to Firefighters Grants,247000,EMW-2006-FG-13821
CA-06045,WILLIAMS FIRE PROTECTION AUTHORITY,2019,Staffing for Adequate Fire and Emergency Response (SAFER),656619.92,EMW-2019-FF-01161
CA-07035,SAN RAMON VALLEY FIRE PROTECTION DISTRIC,2023,Assistance to Firefighters Grants,240050,EMW-2023-FG-09103
CA-07035,SAN RAMON VALLEY FIRE PROTECTION DISTRIC,2020,Assistance to Firefighters Grants (Supplemental),24996.97,EMW-2020-FG-02096
CA-07035,SAN RAMON VALLEY FIRE PROTECTION DISTRIC,2018,Staffing for Adequate Fire and Emergency Response (SAFER),2487162.46,EMW-2018-FH-00419
CA-07040,EL CERRITO FIRE DEPARTMENT,2012,Assistance to Firefighters Grants,64838,EMW-2012-FO-06969
CA-07040,EL CERRITO FIRE DEPARTMENT,2012,Assistance to Firefighters Grants,856406,EMW-2012-FV-00394
CA-07040,EL CERRITO FIRE DEPARTMENT,2011,Assistance to Firefighters Grants,2662400,EMW-2011-FR-00249
CA-07040,EL CERRITO FIRE DEPARTMENT,2009,Assistance to Firefighters Grants,172884,EMW-2009-FO-07979
CA-07040,EL CERRITO FIRE DEPARTMENT,2008,Assistance to Firefighters Grants,35173.45,EMW-2008-FO-10768
CA-07040,EL CERRITO FIRE DEPARTMENT,2008,Assistance to Firefighters Grants,278326,EMW-2008-FR-00334
CA-07060,MORAGA-ORINDA FIRE PROTECTION DISTRICT,2022,Assistance to Firefighters Grants,414540.9,EMW-2022-FG-03891
CA-07060,MORAGA-ORINDA FIRE PROTECTION DISTRICT,2021,Assistance to Firefighters Grants (Supplemental),447780,EMW-2021-FG-05792
CA-07060,MORAGA-ORINDA FIRE PROTECTION DISTRICT,2020,Assistance to Firefighters Grants (Supplemental),32821.36,EMW-2020-FG-01263
CA-07060,MORAGA-ORINDA FIRE PROTECTION DISTRICT,2018,Assistance to Firefighters Grants,75169.09,EMW-2018-FO-01976
CA-07060,MORAGA-ORINDA FIRE PROTECTION DISTRICT,2016,Staffing for Adequate Fire and Emergency Response (SAFER),1339978.75,EMW-2016-FH-00258
CA-07060,MORAGA-ORINDA FIRE PROTECTION DISTRICT,2016,Assistance to Firefighters Grants,179116,EMW-2016-FO-04479
CA-07060,MORAGA-ORINDA FIRE PROTECTION DISTRICT,2013,Assistance to Firefighters Grants,129510,EMW-2013-FO-02522
CA-07060,MORAGA-ORINDA FIRE PROTECTION DISTRICT,2012,Staffing for Adequate Fire and Emergency Response (SAFER),1157612,EMW-2012-FH-00393
CA-07060,MORAGA-ORINDA FIRE PROTECTION DISTRICT,2012,Assistance to Firefighters Grants,65947.28,EMW-2012-FO-02904
CA-07060,MORAGA-ORINDA FIRE PROTECTION DISTRICT,2011,Assistance to Firefighters Grants,281308,EMW-2011-FO-02008
CA-07060,MORAGA-ORINDA FIRE PROTECTION DISTRICT,2009,Assistance to Firefighters Grants,139845,EMW-2009-FO-01783
CA-07075,PINOLE FIRE DEPARTMENT,2012,Staffing for Adequate Fire and Emergency Response (SAFER),1239456,EMW-2012-FH-00924
CA-07075,PINOLE FIRE DEPARTMENT,2012,Assistance to Firefighters Grants,76541,EMW-2012-FO-07122
CA-07075,PINOLE FIRE DEPARTMENT,2010,Assistance to Firefighters Grants,308800.24,EMW-2010-FR-00379
CA-07075,PINOLE FIRE DEPARTMENT,2009,Staffing for Adequate Fire and Emergency Response (SAFER),176269,EMW-2009-FH-01360
CA-07075,PINOLE FIRE DEPARTMENT,2009,Assistance to Firefighters Grants,24156,EMW-2009-FO-10810
CA-07075,PINOLE FIRE DEPARTMENT,2008,Assistance to Firefighters Grants,86593,EMW-2008-FO-09751
CA-07090,CONTRA COSTA COUNTY FIRE PROTECTION DIST,2023,Assistance to Firefighters Grants,1454545.45,EMW-2023-FG-07934
CA-07090,CONTRA COSTA COUNTY FIRE PROTECTION DIST,2022,Fire Prevention and Safety,400105.71,EMW-2022-FP-00426
CA-07090,CONTRA COSTA COUNTY FIRE PROTECTION DIST,2021,Staffing for Adequate Fire and Emergency Response (SAFER),7548362.76,EMW-2021-FF-02046
CA-07090,CONTRA COSTA COUNTY FIRE PROTECTION DIST,2021,Assistance to Firefighters Grants,45409.09,EMW-2021-FG-07643
CA-07090,CONTRA COSTA COUNTY FIRE PROTECTION DIST,2020,Assistance to Firefighters Grants (Supplemental),83138.18,EMW-2020-FG-02290
CA-07090,CONTRA COSTA COUNTY FIRE PROTECTION DIST,2018,Staffing for Adequate Fire and Emergency Response (SAFER),2081672.15,EMW-2018-FH-00299
CA-07090,CONTRA COSTA COUNTY FIRE PROTECTION DIST,2017,Staffing for Adequate Fire and Emergency Response (SAFER),2724608.65,EMW-2017-FH-00353
CA-07090,CONTRA COSTA COUNTY FIRE PROTECTION DIST,2017,Assistance to Firefighters Grants,318341,EMW-2017-FV-00344
CA-07090,CONTRA COSTA COUNTY FIRE PROTECTION DIST,2016,Assistance to Firefighters Grants,296591,EMW-2016-FO-04134
CA-07090,CONTRA COSTA COUNTY FIRE PROTECTION DIST,2015,Assistance to Firefighters Grants,615855,EMW-2015-FO-07150
CA-07090,CONTRA COSTA COUNTY FIRE PROTECTION DIST,2014,Assistance to Firefighters Grants,849131,EMW-2014-FV-90073
CA-07090,CONTRA COSTA COUNTY FIRE PROTECTION DIST,2013,Staffing for Adequate Fire and Emergency Response (SAFER),9571500,EMW-2013-FH-00344
CA-07090,CONTRA COSTA COUNTY FIRE PROTECTION DIST,2013,Assistance to Firefighters Grants,13011.3,EMW-2013-FR-00233
CA-07090,CONTRA COSTA COUNTY FIRE PROTECTION DIST,2012,Assistance to Firefighters Grants,1451579.07,EMW-2012-FR-00093
CA-07090,CONTRA COSTA COUNTY FIRE PROTECTION DIST,2011,Assistance to Firefighters Grants,0.01,EMW-2011-FO-05104
CA-07090,CONTRA COSTA COUNTY FIRE PROTECTION DIST,2011,Assistance to Firefighters Grants,1750000,EMW-2011-FR-00253
CA-07090,CONTRA COSTA COUNTY FIRE PROTECTION DIST,2010,Staffing for Adequate Fire and Emergency Response (SAFER),6156495,EMW-2010-FH-01164
CA-07090,CONTRA COSTA COUNTY FIRE PROTECTION DIST,2010,Assistance to Firefighters Grants,411196.6,EMW-2010-FO-09765
CA-07090,CONTRA COSTA COUNTY FIRE PROTECTION DIST,2010,Assistance to Firefighters Grants,133796.8,EMW-2010-FR-00478
CA-07090,CONTRA COSTA COUNTY FIRE PROTECTION DIST,2010,Assistance to Firefighters Grants,646623.67,EMW-2010-FV-05367
CA-07090,CONTRA COSTA COUNTY FIRE PROTECTION DIST,2006,Assistance to Firefighters Grants,413077,EMW-2006-FG-18348
CA-07100,RODEO-HERCULES FIRE PROTECTION DIST,2017,Assistance to Firefighters Grants,83674,EMW-2017-FO-00084
CA-07100,RODEO-HERCULES FIRE PROTECTION DIST,2016,Assistance to Firefighters Grants,450450,EMW-2016-FR-00511
CA-07100,RODEO-HERCULES FIRE PROTECTION DIST,2013,Staffing for Adequate Fire and Emergency Response (SAFER),3061638.43,EMW-2013-FH-00267
CA-07100,RODEO-HERCULES FIRE PROTECTION DIST,2007,Assistance to Firefighters Grants,275850,EMW-2007-FO-10241
CA-07100,RODEO-HERCULES FIRE PROTECTION DIST,2005,Assistance to Firefighters Grants,517500,EMW-2005-FG-12975
CA-08010,CRESCENT FIRE PROTECTION DISTRICT,2009,Assistance to Firefighters Grants,41135,EMW-2009-FO-06714
CA-08010,CRESCENT FIRE PROTECTION DISTRICT,2007,Assistance to Firefighters Grants,69159,EMW-2007-FO-10749
CA-08015,FORT DICK FIRE PROTECTION DISTRICT,2007,Assistance to Firefighters Grants,99750,EMW-2007-FO-03160
CA-09012,EL DORADO COUNTY FIRE PROTECTION DISTRIC,2023,Assistance to Firefighters Grants,538687.27,EMW-2023-FG-00314
CA-09026,MOSQUITO FIRE PROTECTION DISTRICT,2024,Assistance to Firefighters Grants,72583.8,EMW-2024-FG-01860
CA-09026,MOSQUITO FIRE PROTECTION DISTRICT,2022,Staffing for Adequate Fire and Emergency Response (SAFER),666320.53,EMW-2022-FF-02141
CA-09026,MOSQUITO FIRE PROTECTION DISTRICT,2018,Staffing for Adequate Fire and Emergency Response (SAFER),515764.7,EMW-2018-FF-00183
CA-09026,MOSQUITO FIRE PROTECTION DISTRICT,2018,Assistance to Firefighters Grants,164751.26,EMW-2018-FO-05356
CA-09026,MOSQUITO FIRE PROTECTION DISTRICT,2017,Assistance to Firefighters Grants,41229,EMW-2017-FO-01977
CA-09026,MOSQUITO FIRE PROTECTION DISTRICT,2016,Staffing for Adequate Fire and Emergency Response (SAFER),0,EMW-2016-FH-00274
CA-09050,CAMERON PARK FIRE DEPARTMENT,2012,Assistance to Firefighters Grants,162787,EMW-2012-FO-06862
CA-09050,CAMERON PARK FIRE DEPARTMENT,2010,Assistance to Firefighters Grants,26215,EMW-2010-FO-06293
CA-09090,PIONEER FIRE PROTECTION DISTRICT,2021,Assistance to Firefighters Grants,47314.28,EMW-2021-FG-05315
CA-09090,PIONEER FIRE PROTECTION DISTRICT,2020,Assistance to Firefighters Grants,663164.09,EMW-2020-FG-17203
CA-09100,GARDEN VALLEY FIRE PROTECTION DISTRICT,2024,Assistance to Firefighters Grants,321141.33,EMW-2024-FG-02223
CA-09100,GARDEN VALLEY FIRE PROTECTION DISTRICT,2019,Staffing for Adequate Fire and Emergency Response (SAFER),282984,EMW-2019-FF-01747
CA-09110,RESCUE FIRE PROTECTION DISTRICT,2024,Assistance to Firefighters Grants,56285.71,EMW-2024-FG-01748
CA-09110,RESCUE FIRE PROTECTION DISTRICT,2019,Assistance to Firefighters Grants,817890.91,EMW-2019-FG-02163
CA-09110,RESCUE FIRE PROTECTION DISTRICT,2018,Assistance to Firefighters Grants,45211.71,EMW-2018-FO-00748
CA-09110,RESCUE FIRE PROTECTION DISTRICT,2016,Staffing for Adequate Fire and Emergency Response (SAFER),0,EMW-2016-FH-00097
CA-09110,RESCUE FIRE PROTECTION DISTRICT,2010,Staffing for Adequate Fire and Emergency Response (SAFER),143543,EMW-2010-FH-00030
CA-09110,RESCUE FIRE PROTECTION DISTRICT,2009,Assistance to Firefighters Grants,104048.75,EMW-2009-FO-00422
CA-09110,RESCUE FIRE PROTECTION DISTRICT,2007,Assistance to Firefighters Grants,270750,EMW-2007-FV-00710
CA-09110,RESCUE FIRE PROTECTION DISTRICT,2005,Assistance to Firefighters Grants,133684,EMW-2005-FG-09695
CA-10010,COALINGA FIRE DEPARTMENT,2009,Assistance to Firefighters Grants,45307,EMW-2009-FO-09968
CA-10038,HUNTINGTON LAKE VOLUNTEER FIRE DEPARTMEN,2024,Assistance to Firefighters Grants,14109.52,EMW-2024-FG-02729
CA-10038,HUNTINGTON LAKE VOLUNTEER FIRE DEPARTMEN,2023,Assistance to Firefighters Grants,142571.42,EMW-2023-FG-03476
CA-10038,HUNTINGTON LAKE VOLUNTEER FIRE DEPARTMEN,2012,Assistance to Firefighters Grants,11229,EMW-2012-FO-06529
CA-10038,HUNTINGTON LAKE VOLUNTEER FIRE DEPARTMEN,2011,Assistance to Firefighters Grants,32222,EMW-2011-FO-08285
CA-10038,HUNTINGTON LAKE VOLUNTEER FIRE DEPARTMEN,2009,Assistance to Firefighters Grants,36209.25,EMW-2009-FO-10615
CA-10038,HUNTINGTON LAKE VOLUNTEER FIRE DEPARTMEN,2007,Assistance to Firefighters Grants,50915,EMW-2007-FO-11527
CA-10040,NORTH CENTRAL FIRE PROTECTION DISTRICT,2022,Assistance to Firefighters Grants,163090.9,EMW-2022-FG-02484
CA-10040,NORTH CENTRAL FIRE PROTECTION DISTRICT,2022,Fire Prevention and Safety,29618.95,EMW-2022-FP-00832
CA-10040,NORTH CENTRAL FIRE PROTECTION DISTRICT,2020,Staffing for Adequate Fire and Emergency Response (SAFER),2231783.73,EMW-2020-FF-00906
CA-10040,NORTH CENTRAL FIRE PROTECTION DISTRICT,2019,Staffing for Adequate Fire and Emergency Response (SAFER),2827738.12,EMW-2019-FF-00126
CA-10135,AUBERRY VOLUNTEER FIRE DEPT,2023,Assistance to Firefighters Grants,50381.73,EMW-2023-FG-08278
CA-10145,MOUNTAIN VALLEY VOLUNTEER FIRE DEPARTM..,2009,Assistance to Firefighters Grants,14284,EMW-2009-FO-07629
CA-11005,ARTOIS FIRE PROTECTION DISTRICT,2019,Assistance to Firefighters Grants,98341.1,EMW-2019-FG-07422
CA-11025,GLENN CODORA FIRE PROTECTION DISTRICT,2022,Assistance to Firefighters Grants,85714.28,EMW-2022-FG-04518
CA-11025,GLENN CODORA FIRE PROTECTION DISTRICT,2021,Assistance to Firefighters Grants,419047.61,EMW-2021-FG-05988
CA-11025,GLENN CODORA FIRE PROTECTION DISTRICT,2008,Assistance to Firefighters Grants,31156,EMW-2008-FO-01880
CA-11035,ORD FPD,2021,Assistance to Firefighters Grants,385714.28,EMW-2021-FG-06239
CA-11065,WILLOWS RURAL FIRE PROTECTION DISTRICT,2008,Assistance to Firefighters Grants,18902,EMW-2008-FO-07653
CA-12055,FERNDALE FIRE PROTECTION DISTRICT,2005,Assistance to Firefighters Grants,79762,EMW-2005-FG-16181
CA-12090,PETROLIA VOLUNTEER FIRE DEPARTMENT,2021,Assistance to Firefighters Grants,27471.42,EMW-2021-FG-11421
CA-12110,SAMOA PENINSULA FIRE DISTRICT,2013,Assistance to Firefighters Grants,25637,EMW-2013-FO-05145
CA-12110,SAMOA PENINSULA FIRE DISTRICT,2007,Assistance to Firefighters Grants,163962,EMW-2007-FO-06912
CA-12135,WILLOW CREEK VOLUNTEER FIRE DEPARTMENT,2006,Assistance to Firefighters Grants,76000,EMW-2006-FG-16571
CA-12135,WILLOW CREEK VOLUNTEER FIRE DEPARTMENT,2005,Assistance to Firefighters Grants,84331.88,EMW-2005-FG-07568
CA-12140,ARCATA FIRE PROTECTION DISTRICT,2020,Assistance to Firefighters Grants (Supplemental),2994.94,EMW-2020-FG-04845
CA-12150,PHILLIPSVILLE VOLUNTEER FIRE DEPARTMENT,2005,Assistance to Firefighters Grants,66500,EMW-2005-FG-01629
CA-13010,CALEXICO FIRE DEPARTMENT,2011,Assistance to Firefighters Grants,47637,EMW-2011-FO-06543
CA-13010,CALEXICO FIRE DEPARTMENT,2010,Staffing for Adequate Fire and Emergency Response (SAFER),677286.27,EMW-2010-FH-00598
CA-13010,CALEXICO FIRE DEPARTMENT,2008,Assistance to Firefighters Grants,92408.65,EMW-2008-FO-11804
CA-13030,HOLTVILLE FIRE DEPARTMENT,2008,Assistance to Firefighters Grants,38675,EMW-2008-FO-04803
CA-13030,HOLTVILLE FIRE DEPARTMENT,2007,Assistance to Firefighters Grants,76892,EMW-2007-FO-06422
CA-13030,HOLTVILLE FIRE DEPARTMENT,2005,Assistance to Firefighters Grants,127110,EMW-2005-FG-16723
CA-13030,HOLTVILLE FIRE DEPARTMENT,2005,Fire Prevention and Safety,19284,EMW-2005-FP-01923
CA-14042,SOUTHERN INYO FIRE PROTECTION DISTRICT,2005,Assistance to Firefighters Grants,41080,EMW-2005-FG-20859
CA-15065,CALIFORNIA CITY FIRE DEPARTMENT,2005,Assistance to Firefighters Grants,209000,EMW-2005-FG-03204
CA-16020,LEMOORE VOLUNTEER FIRE DEPARTMENT,2020,Assistance to Firefighters Grants (Supplemental),17116.04,EMW-2020-FG-00268
CA-17005,LAKE COUNTY FIRE PROTECTION DISTRICT,2023,Assistance to Firefighters Grants,26869.17,EMW-2023-FG-06818
CA-17005,LAKE COUNTY FIRE PROTECTION DISTRICT,2019,Assistance to Firefighters Grants,359977.27,EMW-2019-FG-05412
CA-17020,KELSEYVILLE FIRE PROTECTION DISTRICT,2022,Assistance to Firefighters Grants,32882,EMW-2022-FG-00439
CA-17020,KELSEYVILLE FIRE PROTECTION DISTRICT,2018,Assistance to Firefighters Grants,485714.28,EMW-2018-FV-01382
CA-17020,KELSEYVILLE FIRE PROTECTION DISTRICT,2014,Staffing for Adequate Fire and Emergency Response (SAFER),42165,EMW-2014-FF-00263
CA-17020,KELSEYVILLE FIRE PROTECTION DISTRICT,2008,Assistance to Firefighters Grants,76000,EMW-2008-FO-03579
CA-17020,KELSEYVILLE FIRE PROTECTION DISTRICT,2007,Assistance to Firefighters Grants,358424,EMW-2007-FO-00926
CA-17025,LAKEPORT FIRE PROTECTION DISTRICT,2024,Assistance to Firefighters Grants,75047.42,EMW-2024-FG-08338
CA-17055,NORTHSHORE FIRE PROTECTION DISTRICT,2019,Assistance to Firefighters Grants,886532.4,EMW-2019-FG-06245
CA-17060,LAKE PILLSBURY FIRE PROTECTION DISTRICT,2007,Assistance to Firefighters Grants,18728,EMW-2007-FO-02286
CA-18030,STANDISH LITCHFIELD FIRE PROTECTION DIST,2021,Assistance to Firefighters Grants,157142.85,EMW-2021-FG-06953
CA-18030,STANDISH LITCHFIELD FIRE PROTECTION DIST,2012,Assistance to Firefighters Grants,18426,EMW-2012-FO-06248
CA-18050,WESTWOOD FIRE DEPARTMENT,2018,Assistance to Firefighters Grants,114379.05,EMW-2018-FO-02774
CA-18070,LAKE FOREST FIRE PROTECTION DISTRICT,2023,Assistance to Firefighters Grants,619047.61,EMW-2023-FG-00214
CA-18070,LAKE FOREST FIRE PROTECTION DISTRICT,2020,Assistance to Firefighters Grants,113568.58,EMW-2020-FG-11592
CA-19010,ARCADIA FIRE DEPARTMENT,2009,Assistance to Firefighters Grants,43900,EMW-2009-FO-11147
CA-19010,ARCADIA FIRE DEPARTMENT,2008,Assistance to Firefighters Grants,64307,EMW-2008-FO-07529
CA-19085,HERMOSA BEACH FIRE DEPARTMENT,2005,Assistance to Firefighters Grants,123277.05,EMW-2005-FG-04964
CA-19120,MANHATTAN BEACH FIRE DEPARTMENT,2005,Assistance to Firefighters Grants,63650,EMW-2005-FG-10280
CA-19170,SAN MARINO FIRE DEPARTMENT,2009,Assistance to Firefighters Grants,101204,EMW-2009-FO-10031
CA-19185,SIERRA MADRE FIRE DEPARTMENT,2008,Assistance to Firefighters Grants,85891.4,EMW-2008-FO-12122
CA-20010,MADERA CITY FIRE DEPARTMENT,2005,Assistance to Firefighters Grants,159300,EMW-2005-FG-20215
CA-21015,CORTE MADERA FIRE DEPARTMENT,2006,Assistance to Firefighters Grants,73336,EMW-2006-FG-04680
CA-21030,KENTFIELD FIRE PROTECTION DISTRICT,2012,Assistance to Firefighters Grants,178317,EMW-2012-FO-03755
CA-21045,SOUTHERN MARIN FIRE PROTECTION DISTRICT,2024,Assistance to Firefighters Grants,2000000,EMW-2024-FG-00985
CA-21045,SOUTHERN MARIN FIRE PROTECTION DISTRICT,2017,Port Security Grant Program,734522,EMW-2017-PU-00683
CA-21045,SOUTHERN MARIN FIRE PROTECTION DIST,2015,Assistance to Firefighters Grants,58259,EMW-2015-FO-07277
CA-21065,ROSS VALLEY FIRE DEPARTMENT,2014,Assistance to Firefighters Grants,51574,EMW-2014-FO-03123
CA-21065,ROSS VALLEY FIRE DEPARTMENT,2013,Assistance to Firefighters Grants,250389,EMW-2013-FO-05284
CA-21065,ROSS VALLEY FIRE DEPARTMENT,2005,Assistance to Firefighters Grants,132504,EMW-2005-FG-09822
CA-21080,MARINWOOD FIRE DEPARTMENT,2015,Assistance to Firefighters Grants,109679,EMW-2015-FO-02493
CA-21080,MARINWOOD FIRE DEPARTMENT,2008,Assistance to Firefighters Grants,46757,EMW-2008-FO-04415
CA-21080,MARINWOOD FIRE DEPARTMENT,2006,Assistance to Firefighters Grants,31046,EMW-2006-FG-06059
CA-21080,MARINWOOD FIRE DEPARTMENT,2005,Assistance to Firefighters Grants,48450,EMW-2005-FG-06192
CA-21085,MUIR BEACH VFD,2010,Assistance to Firefighters Grants,53131,EMW-2010-FV-05194
CA-21086,NICASIO VOLUNTEER FIRE DEPARTMENT,2012,Fire Prevention and Safety,18906.5,EMW-2012-FP-00715
CA-21095,STINSON BEACH FIRE PROTECTION DISTRICT,2021,Assistance to Firefighters Grants,446666.66,EMW-2021-FG-04581
CA-21095,STINSON BEACH FIRE PROTECTION DISTRICT,2020,Assistance to Firefighters Grants,56822.08,EMW-2020-FG-19321
CA-21100,TIBURON FIRE PROTECTION DISTRICT,2017,Assistance to Firefighters Grants,23798,EMW-2017-FO-04079
CA-21100,TIBURON FIRE PROTECTION DISTRICT,2009,Assistance to Firefighters Grants,49186,EMW-2009-FO-10237
CA-21100,TIBURON FIRE PROTECTION DISTRICT,2005,Assistance to Firefighters Grants,294500,EMW-2005-FG-20933
CA-23090,LITTLE LAKE FIRE PROTECTION DISTRICT,2005,Assistance to Firefighters Grants,84507,EMW-2005-FG-12301
CA-23910,"WESTPORT VOLUNTEER FIRE DEPARTMENT, INC.",2020,Assistance to Firefighters Grants,70567.67,EMW-2020-FG-19528
CA-23910,"WESTPORT VOLUNTEER FIRE DEPARTMENT, INC.",2019,Assistance to Firefighters Grants,61304.3,EMW-2019-FG-01297
CA-24005,ATWATER FIRE DEPT.,2005,Assistance to Firefighters Grants,49374,EMW-2005-FG-17813
CA-24035,MERCED COUNTY FIRE DEPARTMENT,2011,Fire Prevention and Safety,189332,EMW-2011-FP-01443
CA-25010,CITY OF ALTURAS FIRE DEPARTMENT,2010,Assistance to Firefighters Grants,64870,EMW-2010-FO-01573
CA-25010,CITY OF ALTURAS FIRE DEPARTMENT,2008,Assistance to Firefighters Grants,2375,EMW-2008-FO-00509
CA-26010,BRIDGEPORT FIRE PROTECTION DISTRICT,2006,Assistance to Firefighters Grants,65180,EMW-2006-FG-13635
CA-26042,PARADISE FIRE PROTECTION DIST,2022,Assistance to Firefighters Grants,20800,EMW-2022-FG-07400
CA-27065,PACIFIC GROVE FIRE DEPARTMENT,2008,Assistance to Firefighters Grants,31749.44,EMW-2008-FO-04863
CA-27150,MONTEREY AIRPORT FIRE DEPARTMENT,2005,Assistance to Firefighters Grants,55975,EMW-2005-FG-05451
CA-27155,SOUTH MONTEREY COUNTY FIRE PROTECTION ..,2007,Assistance to Firefighters Grants,65588,EMW-2007-FO-10580
CA-27905,CACHAGUA FIRE PROTECTION DISTRICT,2007,Assistance to Firefighters Grants,62972,EMW-2007-FO-06662
CA-27905,CACHAGUA FIRE PROTECTION DISTRICT,2005,Assistance to Firefighters Grants,126028,EMW-2005-FG-04371
CA-27910,MID COAST FIRE BRIGADE,2012,Staffing for Adequate Fire and Emergency Response (SAFER),99569,EMW-2012-FF-00547
CA-27910,MID COAST FIRE BRIGADE,2012,Assistance to Firefighters Grants,110580,EMW-2012-FO-04245
CA-27910,MID COAST FIRE BRIGADE,2005,Assistance to Firefighters Grants,239041,EMW-2005-FG-17791
CA-29015,NEVADA COUNTY CONSOLIDATED FIRE DISTRICT,2020,Assistance to Firefighters Grants (Supplemental),6085.16,EMW-2020-FG-02126
CA-29015,NEVADA COUNTY CONSOLIDATED FIRE DISTRICT,2019,Assistance to Firefighters Grants,62680.46,EMW-2019-FG-03486
CA-29030,PEARDALE-CHICAGO PARK FIRE PROTECTION ..,2007,Assistance to Firefighters Grants,30144,EMW-2007-FO-06470
CA-29030,PEARDALE-CHICAGO PARK FIRE PROTECTION ..,2005,Assistance to Firefighters Grants,13752,EMW-2005-FG-16791
CA-29040,NEVADA CITY FIRE DEPARTMENT,2006,Assistance to Firefighters Grants,93803,EMW-2006-FG-15877
CA-29080,DONNER SUMMIT FIRE DEPARTMENT,2006,Assistance to Firefighters Grants,71214,EMW-2006-FG-08272
CA-29095,WASHINGTON FIRE DEPARTMENT,2020,Assistance to Firefighters Grants,22939.4,EMW-2020-FG-18148
CA-30045,LAGUNA BEACH FIRE DEPARTMENT,2016,Assistance to Firefighters Grants,54846,EMW-2016-FO-06046
CA-30045,LAGUNA BEACH FIRE DEPARTMENT,2008,Assistance to Firefighters Grants,36000,EMW-2008-FO-06288
CA-30045,LAGUNA BEACH FIRE DEPARTMENT,2007,Assistance to Firefighters Grants,170739,EMW-2007-FO-04993
CA-30065,ORANGE COUNTY FIRE AUTHORITY,2023,Staffing for Adequate Fire and Emergency Response (SAFER),5937722.1,EMW-2023-FF-00508
CA-30065,ORANGE COUNTY FIRE AUTHORITY,2023,Fire Prevention and Safety,10196.22,EMW-2023-FP-00274
CA-30065,ORANGE COUNTY FIRE AUTHORITY,2020,Assistance to Firefighters Grants (Supplemental),718635.18,EMW-2020-FG-01698
CA-30065,ORANGE COUNTY FIRE AUTHORITY,2020,Assistance to Firefighters Grants,1362522.17,EMW-2020-FG-15475
CA-30065,ORANGE COUNTY FIRE AUTHORITY,2020,Fire Prevention and Safety,152892.38,EMW-2020-FP-00433
CA-30065,ORANGE COUNTY FIRE AUTHORITY,2018,Assistance to Firefighters Grants,1058162.57,EMW-2018-FO-04863
CA-30065,ORANGE COUNTY FIRE AUTHORITY,2016,Staffing for Adequate Fire and Emergency Response (SAFER),3275237.65,EMW-2016-FH-00565
CA-30065,ORANGE COUNTY FIRE AUTHORITY,2014,Assistance to Firefighters Grants,43022,EMW-2014-FO-05840
CA-30065,ORANGE COUNTY FIRE AUTHORITY,2012,Assistance to Firefighters Grants,137920,EMW-2012-FO-06003
CA-30065,ORANGE COUNTY FIRE AUTHORITY,2011,Assistance to Firefighters Grants,1393854,EMW-2011-FO-03278
CA-30065,ORANGE COUNTY FIRE AUTHORITY,2010,Fire Prevention and Safety,107979.84,EMW-2010-FP-01751
CA-30065,ORANGE COUNTY FIRE AUTHORITY,2009,Assistance to Firefighters Grants,282161.19,EMW-2009-FR-00408
CA-30075,SANTA ANA FIRE DEPARTMENT,2009,Assistance to Firefighters Grants,49920,EMW-2009-FO-04027
CA-30075,SANTA ANA FIRE DEPARTMENT,2008,Assistance to Firefighters Grants,211440,EMW-2008-FO-07335
CA-30075,SANTA ANA FIRE DEPARTMENT,2006,Assistance to Firefighters Grants,93948,EMW-2006-FG-07504
CA-31040,FORESTHILL FIRE PROTECTION DISTRICT,2021,Assistance to Firefighters Grants,4622.47,EMW-2021-FG-06975
CA-31040,FORESTHILL FIRE PROTECTION DISTRICT,2020,Assistance to Firefighters Grants (Supplemental),18379.02,EMW-2020-FG-01961
CA-31040,FORESTHILL FIRE PROTECTION DISTRICT,2017,Staffing for Adequate Fire and Emergency Response (SAFER),0,EMW-2017-FH-00503
CA-31040,FORESTHILL FIRE PROTECTION DISTRICT,2012,Assistance to Firefighters Grants,66500,EMW-2012-FO-01704
CA-31040,FORESTHILL FIRE PROTECTION DISTRICT,2010,Assistance to Firefighters Grants,37785,EMW-2010-FO-03456
CA-31040,FORESTHILL FIRE PROTECTION DISTRICT,2008,Assistance to Firefighters Grants,94344,EMW-2008-FO-11974
CA-31044,NORTH TAHOE FIRE PROTECTION DISTRICT,2022,Assistance to Firefighters Grants,21335.71,EMW-2022-FG-07717
CA-31044,NORTH TAHOE FIRE PROTECTION DISTRICT,2021,Assistance to Firefighters Grants,119084.26,EMW-2021-FG-06241
CA-31044,NORTH TAHOE FIRE PROTECTION DISTRICT,2020,Fire Prevention and Safety,122021.43,EMW-2020-FP-00452
CA-31044,NORTH TAHOE FIRE PROTECTION DISTRICT,2018,Assistance to Firefighters Grants,143909.18,EMW-2018-FO-05635
CA-31044,NORTH TAHOE FIRE PROTECTION DISTRICT,2017,Assistance to Firefighters Grants,200083,EMW-2017-FR-00385
CA-31044,NORTH TAHOE FIRE PROTECTION DISTRICT,2016,Assistance to Firefighters Grants,37165,EMW-2016-FO-04242
CA-31044,NORTH TAHOE FIRE PROTECTION DISTRICT,2015,Staffing for Adequate Fire and Emergency Response (SAFER),976572,EMW-2015-FH-00778
CA-31044,NORTH TAHOE FIRE PROTECTION DISTRICT,2013,Staffing for Adequate Fire and Emergency Response (SAFER),1614627,EMW-2013-FH-00155
CA-31044,NORTH TAHOE FIRE PROTECTION DISTRICT,2013,Assistance to Firefighters Grants,162054,EMW-2013-FR-00267
CA-31044,NORTH TAHOE FIRE PROTECTION DISTRICT,2008,Assistance to Firefighters Grants,253998,EMW-2008-FR-00241
CA-31044,NORTH TAHOE FIRE PROTECTION DISTRICT,2007,Assistance to Firefighters Grants,69026,EMW-2007-FO-03716
CA-31044,NORTH TAHOE FIRE PROTECTION DISTRICT,2006,Assistance to Firefighters Grants,172900,EMW-2006-FG-02017
CA-31044,NORTH TAHOE FIRE PROTECTION DISTRICT,2005,Assistance to Firefighters Grants,74100,EMW-2005-FG-09511
CA-31066,NEWCASTLE FIRE PROTECTION DISTRICT,2010,Assistance to Firefighters Grants,50350,EMW-2010-FO-05247
CA-31066,NEWCASTLE FIRE PROTECTION DISTRICT,2005,Assistance to Firefighters Grants,66885.99,EMW-2005-FG-06982
CA-31075,PENRYN FIRE PROTECTION DISTRICT,2007,Assistance to Firefighters Grants,59814,EMW-2007-FO-02485
CA-31080,CITY OF ROCKLIN FIRE DEPARTMENT,2005,Assistance to Firefighters Grants,127035,EMW-2005-FG-06833
CA-31115,NORTHSTAR FIRE DEPT,2021,Assistance to Firefighters Grants (Supplemental),38056.17,EMW-2021-FG-07523
CA-31115,NORTHSTAR FIRE DEPT,2012,Assistance to Firefighters Grants,82830,EMW-2012-FO-01793
CA-31125,PLACER COUNTY FIRE DEPARTMENT,2013,Assistance to Firefighters Grants,52290,EMW-2013-FR-00145
CA-31125,PLACER COUNTY FIRE DEPARTMENT,2012,Staffing for Adequate Fire and Emergency Response (SAFER),1197134,EMW-2012-FH-00263
CA-31125,PLACER COUNTY FIRE DEPARTMENT,2011,Assistance to Firefighters Grants,162677,EMW-2011-FO-01568
CA-31125,PLACER COUNTY FIRE DEPARTMENT,2006,Assistance to Firefighters Grants,296782,EMW-2006-FG-14628
CA-31150,SOUTH PLACER FIRE DISTRICT,2024,Staffing for Adequate Fire and Emergency Response (SAFER),732344.69,EMW-2024-FF-01483
CA-31150,SOUTH PLACER FIRE DISTRICT,2023,Assistance to Firefighters Grants,346079.61,EMW-2023-FG-05351
CA-31150,SOUTH PLACER FIRE DISTRICT,2022,Assistance to Firefighters Grants,72998.18,EMW-2022-FG-02547
CA-31150,SOUTH PLACER FIRE DISTRICT,2021,Assistance to Firefighters Grants,327272.72,EMW-2021-FG-03538
CA-31150,SOUTH PLACER FIRE DISTRICT,2021,Assistance to Firefighters Grants,386363.63,EMW-2021-FG-07399
CA-32020,GRAEAGLE FIRE PROTECTION DISTRICT,2020,Assistance to Firefighters Grants (Supplemental),0,EMW-2020-FG-02607
CA-32050,QUINCY FIRE PROTECTION DISTRICT,2022,Assistance to Firefighters Grants,488019.8,EMW-2022-FG-05432
CA-32070,PENINSULA FIRE PROTECTION DISTRICT,2007,Assistance to Firefighters Grants,33547,EMW-2007-FO-00359
CA-33045,IDYLLWILD FIRE PROTECTION DISTRICT,2024,Assistance to Firefighters Grants,79047.61,EMW-2024-FG-04974
CA-33045,IDYLLWILD FIRE PROTECTION DISTRICT,2022,Assistance to Firefighters Grants,25476.19,EMW-2022-FG-04317
CA-33045,IDYLLWILD FIRE PROTECTION DISTRICT,2021,Assistance to Firefighters Grants,47619.04,EMW-2021-FG-04874
CA-33045,IDYLLWILD FIRE PROTECTION DISTRICT,2019,Assistance to Firefighters Grants,148571.43,EMW-2019-FG-00985
CA-34035,FOLSOM FIRE DEPARTMENT,2009,Assistance to Firefighters Grants,302120,EMW-2009-FR-00240
CA-34090,SACRAMENTO METROPOLITAN FIRE DISTRICT,2023,Staffing for Adequate Fire and Emergency Response (SAFER),11805297,EMW-2023-FF-01044
CA-34090,SACRAMENTO METROPOLITAN FIRE DISTRICT,2023,Fire Prevention and Safety,392210.47,EMW-2023-FP-00421
CA-34090,SACRAMENTO METROPOLITAN FIRE DISTRICT,2021,Fire Prevention and Safety (Supplemental),82714.28,EMW-2021-FP-00365
CA-34090,SACRAMENTO METROPOLITAN FIRE DISTRICT,2020,Staffing for Adequate Fire and Emergency Response (SAFER),11496721.15,EMW-2020-FF-00208
CA-34090,SACRAMENTO METROPOLITAN FIRE DISTRICT,2020,Assistance to Firefighters Grants (Supplemental),156071.26,EMW-2020-FG-00163
CA-34090,SACRAMENTO METROPOLITAN FIRE DISTRICT,2020,Assistance to Firefighters Grants,2999995.62,EMW-2020-FG-10931
CA-34090,SACRAMENTO METROPOLITAN FIRE DISTRICT,2019,Assistance to Firefighters Grants,194081.77,EMW-2019-FG-03243
CA-34090,SACRAMENTO METROPOLITAN FIRE DISTRICT,2019,Fire Prevention and Safety,249018.03,EMW-2019-FP-00673
CA-34090,SACRAMENTO METROPOLITAN FIRE DISTRICT,2018,Assistance to Firefighters Grants,147409.09,EMW-2018-FO-06071
CA-34090,SACRAMENTO METROPOLITAN FIRE DISTRICT,2017,Assistance to Firefighters Grants,3450000,EMW-2017-FR-00449
CA-34090,SACRAMENTO METROPOLITAN FIRE DISTRICT,2016,Assistance to Firefighters Grants,160890,EMW-2016-FO-06986
CA-34090,SACRAMENTO METROPOLITAN FIRE DISTRICT,2015,Staffing for Adequate Fire and Emergency Response (SAFER),2735469,EMW-2015-FH-00119
CA-34090,SACRAMENTO METROPOLITAN FIRE DISTRICT,2015,Assistance to Firefighters Grants,370228,EMW-2015-FO-05659
CA-34090,SACRAMENTO METROPOLITAN FIRE DISTRICT,2014,Fire Prevention and Safety,425892,EMW-2014-FP-00724
CA-34090,SACRAMENTO METROPOLITAN FIRE DISTRICT,2012,Staffing for Adequate Fire and Emergency Response (SAFER),5632152,EMW-2012-FH-00438
CA-34090,SACRAMENTO METROPOLITAN FIRE DISTRICT,2012,Assistance to Firefighters Grants,251187,EMW-2012-FO-01795
CA-34090,SACRAMENTO METROPOLITAN FIRE DISTRICT,2012,Fire Prevention and Safety,794804,EMW-2012-FP-00639
CA-34090,SACRAMENTO METROPOLITAN FIRE DISTRICT,2011,Assistance to Firefighters Grants,1737999,EMW-2011-FO-02434
CA-34090,SACRAMENTO METROPOLITAN FIRE DISTRICT,2011,Assistance to Firefighters Grants,999776,EMW-2011-FR-00315
CA-34090,SACRAMENTO METROPOLITAN FIRE DISTRICT,2010,Staffing for Adequate Fire and Emergency Response (SAFER),5470823,EMW-2010-FH-00614
CA-34090,SACRAMENTO METROPOLITAN FIRE DISTRICT,2009,Assistance to Firefighters Grants,152000,EMW-2009-FO-07315
CA-34090,SACRAMENTO METROPOLITAN FIRE DISTRICT,2005,Assistance to Firefighters Grants,549032,EMW-2005-FG-03721
CA-34125,WILTON FIRE PROTECTION DISTRICT,2020,Assistance to Firefighters Grants,633242.86,EMW-2020-FG-18573
CA-34125,WILTON FIRE PROTECTION DISTRICT,2019,Assistance to Firefighters Grants,250114.29,EMW-2019-FG-07431
CA-34135,RIVER DELTA FIRE DIST,2022,Assistance to Firefighters Grants,159841.33,EMW-2022-FG-00188
CA-34135,RIVER DELTA FIRE DIST,2020,Assistance to Firefighters Grants,50000,EMW-2020-FG-11193
CA-35035,SAN JUAN BAUTISTA FIRE DEPARTMENT,2005,Assistance to Firefighters Grants,59003,EMW-2005-FG-00956
CA-36015,APPLE VALLEY FIRE PROTECTION DISTRICT,2021,Assistance to Firefighters Grants,346113.63,EMW-2021-FG-00611
CA-36015,APPLE VALLEY FIRE PROTECTION DISTRICT,2010,Assistance to Firefighters Grants,46464,EMW-2010-FO-04978
CA-36015,APPLE VALLEY FIRE PROTECTION DISTRICT,2005,Assistance to Firefighters Grants,44800,EMW-2005-FG-20303
CA-36035,BARSTOW FIRE PROTECTION DISTRICT,2015,Staffing for Adequate Fire and Emergency Response (SAFER),311032,EMW-2015-FH-00806
CA-36035,BARSTOW FIRE PROTECTION DISTRICT,2015,Assistance to Firefighters Grants,61242,EMW-2015-FO-03658
CA-36035,BARSTOW FIRE PROTECTION DISTRICT,2014,Assistance to Firefighters Grants,137932,EMW-2014-FO-05338
CA-36035,BARSTOW FIRE PROTECTION DISTRICT,2013,Staffing for Adequate Fire and Emergency Response (SAFER),1380380.08,EMW-2013-FH-00640
CA-36035,BARSTOW FIRE PROTECTION DISTRICT,2013,Assistance to Firefighters Grants,77524,EMW-2013-FO-05803
CA-36035,BARSTOW FIRE PROTECTION DISTRICT,2006,Assistance to Firefighters Grants,166261,EMW-2006-FG-15952
CA-36040,BIG BEAR CITY FIRE DEPARTMENT,2013,Assistance to Firefighters Grants,76506.18,EMW-2013-FO-03956
CA-36040,BIG BEAR CITY FIRE DEPARTMENT,2011,Assistance to Firefighters Grants,2280,EMW-2011-FO-09212
CA-36040,BIG BEAR CITY FIRE DEPARTMENT,2010,Assistance to Firefighters Grants,10734.05,EMW-2010-FO-02207
CA-36040,BIG BEAR CITY FIRE DEPARTMENT,2007,Assistance to Firefighters Grants,144222,EMW-2007-FO-07136
CA-36040,BIG BEAR CITY FIRE DEPARTMENT,2006,Assistance to Firefighters Grants,17488,EMW-2006-FG-04796
CA-36045,BIG BEAR FIRE AUTHORITY,2021,Assistance to Firefighters Grants,232916.19,EMW-2021-FG-00870
CA-36045,BIG BEAR FIRE AUTHORITY,2020,Assistance to Firefighters Grants,99494.13,EMW-2020-FG-18419
CA-36045,BIG BEAR FIRE AUTHORITY,2019,Assistance to Firefighters Grants,280210.46,EMW-2019-FG-00135
CA-36058,CHINO VALLEY INDEPENDENT FIRE DISTRICT,2021,Assistance to Firefighters Grants (Supplemental),301483.41,EMW-2021-FG-07244
CA-36125,LOMA LINDA FIRE DEPARTMENT,2005,Assistance to Firefighters Grants,18180,EMW-2005-FG-18435
CA-36193,SAN BERNARDINO COUNTY FIRE PROTECTION DI,2024,Staffing for Adequate Fire and Emergency Response (SAFER),9361101.72,EMW-2024-FF-00309
CA-36193,SAN BERNARDINO COUNTY FIRE PROTECTION DI,2022,Assistance to Firefighters Grants,1026852.17,EMW-2022-FG-03702
CA-36193,SAN BERNARDINO COUNTY FIRE PROTECTION DI,2021,Assistance to Firefighters Grants,220521.73,EMW-2021-FG-02374
CA-36193,SAN BERNARDINO COUNTY FIRE PROTECTION DI,2020,Assistance to Firefighters Grants (Supplemental),528310.3,EMW-2020-FG-00469
CA-36193,SAN BERNARDINO COUNTY FIRE PROTECTION DI,2020,Assistance to Firefighters Grants,236613.03,EMW-2020-FG-10764
CA-37005,ALPINE FIRE PROTECTION DISTRICT,2015,Assistance to Firefighters Grants,122959,EMW-2015-FO-02937
CA-37005,ALPINE FIRE PROTECTION DISTRICT,2008,Assistance to Firefighters Grants,38650,EMW-2008-FO-04889
CA-37005,ALPINE FIRE PROTECTION DISTRICT,2005,Assistance to Firefighters Grants,40809,EMW-2005-FG-03761
CA-37030,CHULA VISTA FIRE DEPARTMENT,2005,Staffing for Adequate Fire and Emergency Response (SAFER),900000,EMW-2005-FF-00289
CA-37030,CHULA VISTA FIRE DEPARTMENT,2005,Assistance to Firefighters Grants,105886,EMW-2005-FG-12545
CA-37050,DEL MAR FIRE DEPARTMENT,2011,Assistance to Firefighters Grants,75442,EMW-2011-FR-00383
CA-37065,ENCINITAS FIRE DEPARTMENT,2014,Assistance to Firefighters Grants,50013,EMW-2014-FO-05534
CA-37065,ENCINITAS FIRE DEPARTMENT,2012,Assistance to Firefighters Grants,244423,EMW-2012-FO-03421
CA-37065,ENCINITAS FIRE DEPARTMENT,2011,Assistance to Firefighters Grants,126709,EMW-2011-FO-06546
CA-37065,ENCINITAS FIRE DEPARTMENT,2009,Assistance to Firefighters Grants,44596,EMW-2009-FO-05781
CA-37065,ENCINITAS FIRE DEPARTMENT,2008,Assistance to Firefighters Grants,16800,EMW-2008-FO-09407
CA-37065,ENCINITAS FIRE DEPARTMENT,2007,Assistance to Firefighters Grants,52112,EMW-2007-FO-07551
CA-37065,ENCINITAS FIRE DEPARTMENT,2007,Fire Prevention and Safety,41584,EMW-2007-FP-02514
CA-37075,NORTH COUNTY FIRE PROTECTION DISTRICT,2023,Assistance to Firefighters Grants,445454.54,EMW-2023-FG-06884
CA-37075,NORTH COUNTY FIRE PROTECTION DISTRICT,2016,Assistance to Firefighters Grants,186488,EMW-2016-FV-00657
CA-37075,NORTH COUNTY FIRE PROTECTION DISTRICT,2015,Staffing for Adequate Fire and Emergency Response (SAFER),635872,EMW-2015-FF-00287
CA-37075,NORTH COUNTY FIRE PROTECTION DISTRICT,2014,Staffing for Adequate Fire and Emergency Response (SAFER),1088257.77,EMW-2014-FH-00261
CA-37075,NORTH COUNTY FIRE PROTECTION DISTRICT,2012,Assistance to Firefighters Grants,351094.81,EMW-2012-FO-01116
CA-37075,NORTH COUNTY FIRE PROTECTION DISTRICT,2010,Assistance to Firefighters Grants,242762.51,EMW-2010-FO-05136
CA-37090,LAKESIDE FIRE PROTECTION DISTRICT,2023,Assistance to Firefighters Grants,207052.72,EMW-2023-FG-08515
CA-37090,LAKESIDE FIRE PROTECTION DISTRICT,2007,Assistance to Firefighters Grants,60185,EMW-2007-FO-07121
CA-37090,LAKESIDE FIRE PROTECTION DISTRICT,2006,Assistance to Firefighters Grants,76879.11,EMW-2006-FG-12500
CA-37130,RAMONA FIRE DEPARTMENT,2007,Assistance to Firefighters Grants,26910,EMW-2007-FO-05028
CA-37130,RAMONA FIRE DEPARTMENT,2006,Assistance to Firefighters Grants,88608,EMW-2006-FG-02139
CA-37130,RAMONA FIRE DEPARTMENT,2005,Fire Prevention and Safety,12243,EMW-2005-FP-02494
CA-37135,RANCHO SANTA FE FIRE PROTECTION DISTRICT,2024,Assistance to Firefighters Grants,352636.36,EMW-2024-FG-02329
CA-37135,RANCHO SANTA FE FIRE PROTECTION DISTRICT,2020,Assistance to Firefighters Grants (Supplemental),26369.5,EMW-2020-FG-01289
CA-37135,RANCHO SANTA FE FIRE PROTECTION DISTRICT,2019,Fire Prevention and Safety,14895,EMW-2019-FP-00999
CA-37135,RANCHO SANTA FE FIRE PROTECTION DISTRICT,2016,Staffing for Adequate Fire and Emergency Response (SAFER),504852,EMW-2016-FF-00069
CA-37135,RANCHO SANTA FE FIRE PROTECTION DISTRICT,2016,Staffing for Adequate Fire and Emergency Response (SAFER),677748,EMW-2016-FH-00203
CA-37135,RANCHO SANTA FE FIRE PROTECTION DISTRICT,2009,Assistance to Firefighters Grants,202986.49,EMW-2009-FO-07222
CA-37148,DEER SPRINGS FIRE PROTECTION DISTRICT,2005,Assistance to Firefighters Grants,69508.06,EMW-2005-FG-08514
CA-37160,SOLANA BEACH FIRE DEPARTMENT,2012,Assistance to Firefighters Grants,58650.11,EMW-2012-FO-06834
CA-37160,SOLANA BEACH FIRE DEPARTMENT,2011,Assistance to Firefighters Grants,82116,EMW-2011-FO-09616
CA-37175,VALLEY CENTER FIRE PROTECTION DISTRICT,2024,Assistance to Firefighters Grants,90279.09,EMW-2024-FG-01068
CA-37175,VALLEY CENTER FIRE PROTECTION DISTRICT,2021,Fire Prevention and Safety (Supplemental),62857.14,EMW-2021-FP-00349
CA-37175,VALLEY CENTER FIRE PROTECTION DISTRICT,2011,Assistance to Firefighters Grants,56103.25,EMW-2011-FO-03129
CA-39055,LATHROP-MANTECA FIRE DISTRICT,2013,Assistance to Firefighters Grants,1899293,EMW-2013-FR-00428
CA-39055,LATHROP-MANTECA FIRE DISTRICT,2011,Staffing for Adequate Fire and Emergency Response (SAFER),1666170,EMW-2011-FH-01063
CA-39055,LATHROP-MANTECA FIRE DISTRICT,2007,Assistance to Firefighters Grants,101025,EMW-2007-FO-01238
CA-39120,SOUTH SAN JOAQUIN COUNTY FIRE AUTHORITY,2024,Assistance to Firefighters Grants,34318.18,EMW-2024-FG-05008
CA-39120,SOUTH SAN JOAQUIN COUNTY FIRE AUTHORITY,2021,Fire Prevention and Safety (Supplemental),37142.85,EMW-2021-FP-00038
CA-39125,MOKELUMNE RURAL FIRE DISTRICT,2018,Assistance to Firefighters Grants,1203657.27,EMW-2018-FR-00101
CA-39125,MOKELUMNE RURAL FIRE DISTRICT,2009,Assistance to Firefighters Grants,410725,EMW-2009-FR-00424
CA-39125,MOKELUMNE RURAL FIRE DISTRICT,2007,Assistance to Firefighters Grants,9500,EMW-2007-FO-10771
CA-39125,MOKELUMNE RURAL FIRE DISTRICT,2006,Assistance to Firefighters Grants,52683,EMW-2006-FG-12527
CA-39125,MOKELUMNE RURAL FIRE DISTRICT,2005,Assistance to Firefighters Grants,36095,EMW-2005-FG-04333
CA-40005,FIVE CITIES FIRE AUTHORITY,2012,Assistance to Firefighters Grants,227491.95,EMW-2012-FO-03751
CA-40005,FIVE CITIES FIRE AUTHORITY,2011,Staffing for Adequate Fire and Emergency Response (SAFER),1062070,EMW-2011-FH-00217
CA-40020,CAMBRIA FIRE DEPARTMENT,2024,Staffing for Adequate Fire and Emergency Response (SAFER),569973.9,EMW-2024-FF-00835
CA-40020,CAMBRIA FIRE DEPARTMENT,2020,Staffing for Adequate Fire and Emergency Response (SAFER),911140.59,EMW-2020-FF-00316
CA-40020,CAMBRIA FIRE DEPARTMENT,2020,Assistance to Firefighters Grants (Supplemental),21397.83,EMW-2020-FG-01453
CA-40020,CAMBRIA FIRE DEPARTMENT,2017,Staffing for Adequate Fire and Emergency Response (SAFER),0,EMW-2017-FH-00591
CA-40020,CAMBRIA FIRE DEPARTMENT,2014,Staffing for Adequate Fire and Emergency Response (SAFER),396525,EMW-2014-FH-00935
CA-40020,CAMBRIA FIRE DEPARTMENT,2014,Assistance to Firefighters Grants,60477,EMW-2014-FO-00867
CA-40020,CAMBRIA FIRE DEPARTMENT,2010,Assistance to Firefighters Grants,43636.35,EMW-2010-FO-08661
CA-40020,CAMBRIA FIRE DEPARTMENT,2009,Assistance to Firefighters Grants,190510.53,EMW-2009-FO-10418
CA-40020,CAMBRIA FIRE DEPARTMENT,2007,Assistance to Firefighters Grants,41955.49,EMW-2007-FO-05506
CA-40020,CAMBRIA FIRE DEPARTMENT,2006,Assistance to Firefighters Grants,67669,EMW-2006-FG-06235
CA-40020,CAMBRIA FIRE DEPARTMENT,2005,Assistance to Firefighters Grants,71092,EMW-2005-FG-12452
CA-40050,PASO ROBLES DEPARTMENT OF EMERGENCY SERV,2021,Assistance to Firefighters Grants,84392,EMW-2021-FG-03918
CA-40050,PASO ROBLES DEPARTMENT OF EMERGENCY SERV,2021,Assistance to Firefighters Grants,0,EMW-2021-FG-03918A
CA-40050,PASO ROBLES DEPARTMENT OF EMERGENCY SERV,2020,Assistance to Firefighters Grants (Supplemental),18663.73,EMW-2020-FG-00160
CA-40050,PASO ROBLES DEPARTMENT OF EMERGENCY SERV,2019,Staffing for Adequate Fire and Emergency Response (SAFER),1146370.45,EMW-2019-FF-01687
CA-40050,PASO ROBLES DEPARTMENT OF EMERGENCY SERV,2019,Assistance to Firefighters Grants,62223.64,EMW-2019-FG-02199
CA-40050,PASO ROBLES DEPARTMENT OF EMERGENCY SERV,2019,Fire Prevention and Safety,102054.29,EMW-2019-FP-00043
CA-40050,PASO ROBLES DEPARTMENT OF EMERGENCY SERV,2017,Staffing for Adequate Fire and Emergency Response (SAFER),1238751.95,EMW-2017-FH-00492
CA-40050,PASO ROBLES DEPARTMENT OF EMERGENCY SERV,2016,Assistance to Firefighters Grants,98163,EMW-2016-FO-02605
CA-40050,PASO ROBLES DEPARTMENT OF EMERGENCY SERV,2015,Assistance to Firefighters Grants,58993,EMW-2015-FO-00928
CA-40050,PASO ROBLES DEPARTMENT OF EMERGENCY SERV,2014,Assistance to Firefighters Grants,198826,EMW-2014-FO-05402
CA-40050,PASO ROBLES DEPARTMENT OF EMERGENCY SERV,2009,Assistance to Firefighters Grants,114652,EMW-2009-FO-06633
CA-40050,PASO ROBLES DEPARTMENT OF EMERGENCY SERV,2008,Assistance to Firefighters Grants,82546,EMW-2008-FO-05249
CA-40070,SANTA MARGARITA FIRE DEPARTMENT,2006,Assistance to Firefighters Grants,287085,EMW-2006-FG-10545
CA-41030,COLMA FIRE PROTECTION DISTRICT,2020,Assistance to Firefighters Grants,133333.33,EMW-2020-FG-14340
CA-41040,FOSTER CITY FIRE DEPARTMENT,2008,Assistance to Firefighters Grants,7730,EMW-2008-FO-08485
CA-41040,FOSTER CITY FIRE DEPARTMENT,2005,Assistance to Firefighters Grants,34917,EMW-2005-FG-14393
CA-41095,SOUTH SAN FRANCISCO FIRE DEPARTMENT,2005,Assistance to Firefighters Grants,70826,EMW-2005-FG-17402
CA-41105,WOODSIDE FIRE PROTECTION DISTRICT,2017,Assistance to Firefighters Grants,18488,EMW-2017-FO-02936
CA-41105,WOODSIDE FIRE PROTECTION DISTRICT,2013,Assistance to Firefighters Grants,47760,EMW-2013-FO-05277
CA-41105,WOODSIDE FIRE PROTECTION DISTRICT,2011,Assistance to Firefighters Grants,42097,EMW-2011-FO-00377
CA-41105,WOODSIDE FIRE PROTECTION DISTRICT,2010,Assistance to Firefighters Grants,86461,EMW-2010-FO-01278
CA-41105,WOODSIDE FIRE PROTECTION DISTRICT,2009,Assistance to Firefighters Grants,62563,EMW-2009-FO-04669
CA-41105,WOODSIDE FIRE PROTECTION DISTRICT,2009,Assistance to Firefighters Grants,145640,EMW-2009-FV-03061
CA-41105,WOODSIDE FIRE PROTECTION DISTRICT,2008,Assistance to Firefighters Grants,90720.97,EMW-2008-FO-06246
CA-41556,CENTRAL COUNTY FIRE DEPARTMENT,2023,Staffing for Adequate Fire and Emergency Response (SAFER),8116315.08,EMW-2023-FF-00204
CA-41556,CENTRAL COUNTY FIRE DEPARTMENT,2013,Assistance to Firefighters Grants,89195,EMW-2013-FO-04226
CA-41556,CENTRAL COUNTY FIRE DEPARTMENT,2011,Assistance to Firefighters Grants,47610,EMW-2011-FO-04485
CA-41556,CENTRAL COUNTY FIRE DEPARTMENT,2007,Assistance to Firefighters Grants,315000,EMW-2007-FV-01996
CA-42010,CITY OF GUADALUPE FIRE DEPARTMENT,2014,Assistance to Firefighters Grants,37358,EMW-2014-FO-06137
CA-42015,LOMPOC FIRE DEPARTMENT,2014,Staffing for Adequate Fire and Emergency Response (SAFER),34750,EMW-2014-FF-00395
CA-42015,LOMPOC FIRE DEPARTMENT,2012,Staffing for Adequate Fire and Emergency Response (SAFER),1018803.11,EMW-2012-FH-00213
CA-42015,LOMPOC FIRE DEPARTMENT,2008,Assistance to Firefighters Grants,7191,EMW-2008-FO-01299
CA-42015,LOMPOC FIRE DEPARTMENT,2005,Assistance to Firefighters Grants,32411,EMW-2005-FG-05828
CA-43080,SANTA CLARA COUNTY FIRE DEPARTMENT,2012,Staffing for Adequate Fire and Emergency Response (SAFER),2342991,EMW-2012-FH-00425
CA-43080,SANTA CLARA COUNTY FIRE DEPARTMENT,2011,Staffing for Adequate Fire and Emergency Response (SAFER),3524670,EMW-2011-FH-00577
CA-44005,APTOS/LA SELVA FIRE PROTECTION DISTRICT,2008,Assistance to Firefighters Grants,299852,EMW-2008-FR-00086
CA-44005,APTOS/LA SELVA FIRE PROTECTION DISTRICT,2005,Assistance to Firefighters Grants,150027,EMW-2005-FG-11265
CA-44035,FELTON FIRE PROTECTION DISTRICT,2006,Assistance to Firefighters Grants,111340,EMW-2006-FG-06043
CA-44040,ZAYANTE FIRE PROTECTION DISTRICT,2023,Staffing for Adequate Fire and Emergency Response (SAFER),228375,EMW-2023-FF-01414
CA-44040,ZAYANTE FIRE PROTECTION DISTRICT,2014,Assistance to Firefighters Grants,53108,EMW-2014-FO-04634
CA-44040,ZAYANTE FIRE PROTECTION DISTRICT,2010,Assistance to Firefighters Grants,78522,EMW-2010-FO-06534
CA-44040,ZAYANTE FIRE PROTECTION DISTRICT,2009,Assistance to Firefighters Grants,29605.49,EMW-2009-FO-06839
CA-44040,ZAYANTE FIRE PROTECTION DISTRICT,2008,Assistance to Firefighters Grants,37145,EMW-2008-FO-10719
CA-44040,ZAYANTE FIRE PROTECTION DISTRICT,2006,Assistance to Firefighters Grants,574981,EMW-2006-FG-09180
CA-44040,ZAYANTE FIRE PROTECTION DISTRICT,2005,Assistance to Firefighters Grants,130238,EMW-2005-FG-01861
CA-44045,PAJARO VALLEY FIRE PROTECTION DISTRICT,2006,Assistance to Firefighters Grants,107462,EMW-2006-FG-03674
CA-44045,PAJARO VALLEY FIRE PROTECTION DISTRICT,2005,Assistance to Firefighters Grants,6793,EMW-2005-FG-12369
CA-44060,BRANCIFORTE FIRE PROTECTION DISTRICT,2009,Assistance to Firefighters Grants,39909,EMW-2009-FO-10137
CA-44060,BRANCIFORTE FIRE PROTECTION DISTRICT,2007,Assistance to Firefighters Grants,47342,EMW-2007-FO-05481
CA-44060,BRANCIFORTE FIRE PROTECTION DISTRICT,2007,Assistance to Firefighters Grants,303756,EMW-2007-FV-05528
CA-44060,BRANCIFORTE FIRE PROTECTION DISTRICT,2006,Assistance to Firefighters Grants,41253,EMW-2006-FG-14565
CA-44060,BRANCIFORTE FIRE PROTECTION DISTRICT,2005,Assistance to Firefighters Grants,65408,EMW-2005-FG-15165
CA-45010,ANDERSON FIRE PROTECTION DISTRICT,2023,Assistance to Firefighters Grants,121640.95,EMW-2023-FG-00292
CA-45010,ANDERSON FIRE PROTECTION DISTRICT,2022,Assistance to Firefighters Grants,182285.71,EMW-2022-FG-00567
CA-45010,ANDERSON FIRE PROTECTION DISTRICT,2018,Staffing for Adequate Fire and Emergency Response (SAFER),381904.18,EMW-2018-FH-00332
CA-45010,ANDERSON FIRE PROTECTION DISTRICT,2010,Assistance to Firefighters Grants,95038,EMW-2010-FO-01702
CA-45010,ANDERSON FIRE PROTECTION DISTRICT,2009,Assistance to Firefighters Grants,40536,EMW-2009-FO-01817
CA-45010,ANDERSON FIRE PROTECTION DISTRICT,2005,Assistance to Firefighters Grants,146855,EMW-2005-FG-06924
CA-45010,ANDERSON FIRE PROTECTION DISTRICT,2005,Fire Prevention and Safety,9886,EMW-2005-FP-01192
CA-45015,HAPPY VALLEY FIRE PROTECTION DISTRICT,2023,Assistance to Firefighters Grants,218628.57,EMW-2023-FG-04873
CA-45015,HAPPY VALLEY FIRE PROTECTION DISTRICT,2007,Assistance to Firefighters Grants,39876,EMW-2007-FO-11535
CA-45015,HAPPY VALLEY FIRE PROTECTION DISTRICT,2006,Assistance to Firefighters Grants,114317,EMW-2006-FG-03079
CA-45025,CASTELLA FIRE PROTECTION DISTRICT,2006,Assistance to Firefighters Grants,10260,EMW-2006-FG-17420
CA-45035,COTTONWOOD FIRE PROTECTION DISTRICT,2020,Assistance to Firefighters Grants,108095.24,EMW-2020-FG-17551
CA-45086,SHASTA COUNTY FIRE DEPARTMENT,2013,Staffing for Adequate Fire and Emergency Response (SAFER),1131594,EMW-2013-FH-00707
CA-45086,SHASTA COUNTY FIRE DEPARTMENT,2010,Staffing for Adequate Fire and Emergency Response (SAFER),1192857.65,EMW-2010-FH-00109
CA-45086,SHASTA COUNTY FIRE DEPARTMENT,2009,Assistance to Firefighters Grants,174240,EMW-2009-FO-03637
CA-45086,SHASTA COUNTY FIRE DEPARTMENT,2005,Assistance to Firefighters Grants,164551.68,EMW-2005-FG-07861
CA-47010,DUNSMUIR FIRE DEPARTMENT,2011,Assistance to Firefighters Grants,769236,EMW-2011-FV-03726
CA-47010,DUNSMUIR FIRE DEPARTMENT,2010,Assistance to Firefighters Grants,244087,EMW-2010-FO-05556
CA-47030,GAZELLE FIRE PROTECTION DISTRICT,2024,Assistance to Firefighters Grants,7497.31,EMW-2024-FG-02269
CA-47095,GRENADA FIRE PROTECTION DISTRICT,2006,Assistance to Firefighters Grants,23560,EMW-2006-FG-00948
CA-47095,GRENADA FIRE PROTECTION DISTRICT,2005,Assistance to Firefighters Grants,93016,EMW-2005-FG-00964
CA-47120,SCOTT VALLEY FIRE PROTECTION DISTRICT,2008,Assistance to Firefighters Grants,162355,EMW-2008-FO-04341
CA-47120,SCOTT VALLEY FIRE PROTECTION DISTRICT,2007,Assistance to Firefighters Grants,38000,EMW-2007-FV-03364
CA-48030,SUISUN FIRE PROTECTION DISTRICT,2024,Assistance to Firefighters Grants,321061.17,EMW-2024-FG-04662
CA-48030,SUISUN FIRE PROTECTION DISTRICT,2011,Assistance to Firefighters Grants,139470.59,EMW-2011-FO-02673
CA-48030,SUISUN FIRE PROTECTION DISTRICT,2009,Assistance to Firefighters Grants,190000,EMW-2009-FV-04015
CA-48030,SUISUN FIRE PROTECTION DISTRICT,2008,Assistance to Firefighters Grants,261250,EMW-2008-FV-06582
CA-48055,CORDELIA FIRE PROTECTION DISTRICT,2020,Assistance to Firefighters Grants,44285.71,EMW-2020-FG-18181
CA-48055,CORDELIA FIRE PROTECTION DISTRICT,2019,Staffing for Adequate Fire and Emergency Response (SAFER),119564.25,EMW-2019-FF-00376
CA-49035,CAZADERO VOLUNTEER FIRE DEPARTMENT,2018,Assistance to Firefighters Grants,363619.04,EMW-2018-FV-01175
CA-49035,CAZADERO VOLUNTEER FIRE DEPARTMENT,2006,Assistance to Firefighters Grants,23783,EMW-2006-FG-10930
CA-49040,CLOVERDALE FIRE PROTECTION DISTRICT,2010,Staffing for Adequate Fire and Emergency Response (SAFER),475683.8,EMW-2010-FH-00248
CA-49040,CLOVERDALE FIRE PROTECTION DISTRICT,2005,Assistance to Firefighters Grants,55175.69,EMW-2005-FG-17804
CA-49062,GOLD RIDGE FIRE PROTECTION DISTRICT,2024,Staffing for Adequate Fire and Emergency Response (SAFER),1481464.26,EMW-2024-FF-01535
CA-49062,GOLD RIDGE FIRE PROTECTION DISTRICT,2024,Fire Prevention and Safety,669446.24,EMW-2024-FP-00871
CA-49062,GOLD RIDGE FIRE PROTECTION DISTRICT,2022,Staffing for Adequate Fire and Emergency Response (SAFER),709100,EMW-2022-FF-01641
CA-49062,GOLD RIDGE FIRE PROTECTION DISTRICT,2006,Assistance to Firefighters Grants,70192,EMW-2006-FG-04810
CA-49065,GRATON FIRE PROTECTION DISTRICT,2021,Assistance to Firefighters Grants,702895.88,EMW-2021-FG-04190
CA-49065,GRATON FIRE PROTECTION DISTRICT,2017,Staffing for Adequate Fire and Emergency Response (SAFER),390159.52,EMW-2017-FH-00528
CA-49065,GRATON FIRE PROTECTION DISTRICT,2005,Assistance to Firefighters Grants,105110,EMW-2005-FG-15011
CA-49090,KENWOOD FIRE PROTECTION DISTRICT,2007,Assistance to Firefighters Grants,9500,EMW-2007-FO-01941
CA-49095,LAKEVILLE VOLUNTEER FIRE DEPARTMENT,2010,Assistance to Firefighters Grants,310650,EMW-2010-FV-05316
CA-49095,LAKEVILLE VOLUNTEER FIRE DEPARTMENT,2006,Assistance to Firefighters Grants,53645,EMW-2006-FG-12226
CA-49130,WILMAR VOLUNTEER FIRE DEPARTMENT,2005,Assistance to Firefighters Grants,52533.1,EMW-2005-FG-18539
CA-49160,BENNETT VALLEY FIRE PROTECTION DISTRICT,2008,Assistance to Firefighters Grants,24250,EMW-2008-FO-01695
CA-49160,BENNETT VALLEY FIRE PROTECTION DISTRICT,2007,Assistance to Firefighters Grants,37236,EMW-2007-FO-08226
CA-49160,BENNETT VALLEY FIRE PROTECTION DISTRICT,2006,Assistance to Firefighters Grants,39546.6,EMW-2006-FG-02688
CA-49180,SEBASTOPOL FIRE DEPARTMENT,2009,Staffing for Adequate Fire and Emergency Response (SAFER),304911.8,EMW-2009-FF-00228
CA-49180,SEBASTOPOL FIRE DEPARTMENT,2009,Assistance to Firefighters Grants,34390,EMW-2009-FO-09562
CA-49180,SEBASTOPOL FIRE DEPARTMENT,2006,Assistance to Firefighters Grants,81216,EMW-2006-FG-11511
CA-49180,SEBASTOPOL FIRE DEPARTMENT,2005,Staffing for Adequate Fire and Emergency Response (SAFER),196800,EMW-2005-FF-00319
CA-49180,SEBASTOPOL FIRE DEPARTMENT,2005,Assistance to Firefighters Grants,45638,EMW-2005-FG-11845
CA-49205,SCHELL-VISTA FIRE PROTECTION DISTRICT,2020,Assistance to Firefighters Grants,124325.14,EMW-2020-FG-12364
CA-49205,SCHELL-VISTA FIRE PROTECTION DISTRICT,2019,Assistance to Firefighters Grants,235580.53,EMW-2019-FG-02795
CA-49215,WINDSOR FIRE PROTECTION DISTRICT,2005,Assistance to Firefighters Grants,54143.03,EMW-2005-FG-02722
CA-49225,TIMBER COVE FIRE PROTECTION DISTRICT,2005,Assistance to Firefighters Grants,55906,EMW-2005-FG-08494
CA-49250,SAN ANTONIO VOLUNTEER FIRE COMPANY,2008,Assistance to Firefighters Grants,302328,EMW-2008-FV-05379
CA-49250,SAN ANTONIO VOLUNTEER FIRE COMPANY,2007,Assistance to Firefighters Grants,21620,EMW-2007-FO-05444
CA-49250,SAN ANTONIO VOLUNTEER FIRE COMPANY,2005,Assistance to Firefighters Grants,98632,EMW-2005-FG-20029
CA-50030,HUGHSON FIRE PROTECTION DISTRICT,2015,Assistance to Firefighters Grants,731218,EMW-2015-FR-00105
CA-50030,HUGHSON FIRE PROTECTION DISTRICT,2009,Assistance to Firefighters Grants,59725,EMW-2009-FO-11733
CA-50045,BURBANK PARADISE FIRE DISTRICT,2014,Assistance to Firefighters Grants,12591,EMW-2014-FO-04386
CA-50045,BURBANK PARADISE FIRE DISTRICT,2010,Assistance to Firefighters Grants,47261,EMW-2010-FO-05872
CA-50060,SALIDA FIRE PROTECTION DISTRICT,2017,Assistance to Firefighters Grants,104762,EMW-2017-FO-03730
CA-50060,SALIDA FIRE PROTECTION DISTRICT,2009,Assistance to Firefighters Grants,59559.3,EMW-2009-FO-06545
CA-50060,SALIDA FIRE PROTECTION DISTRICT,2008,Assistance to Firefighters Grants,960545.3,EMW-2008-FR-00024
CA-50065,WESTPORT FIRE PROTECTION DISTRICT,2024,Assistance to Firefighters Grants,71428.57,EMW-2024-FG-01192
CA-50065,WESTPORT FIRE PROTECTION DISTRICT,2023,Assistance to Firefighters Grants,157670.71,EMW-2023-FG-00666
CA-50085,OAKDALE CITY FIRE DEPARTMENT,2010,Staffing for Adequate Fire and Emergency Response (SAFER),11838,EMW-2010-FF-00274
CA-50085,OAKDALE CITY FIRE DEPARTMENT,2009,Assistance to Firefighters Grants,25390,EMW-2009-FO-02094
CA-50100,WEST STANISLAUS COUNTY FIRE PROTECTION..,2006,Assistance to Firefighters Grants,57959,EMW-2006-FG-18531
CA-50120,TURLOCK RURAL FIRE PROTECTION DISTRICT,2022,Staffing for Adequate Fire and Emergency Response (SAFER),73600,EMW-2022-FF-01103
CA-50120,TURLOCK RURAL FIRE PROTECTION DISTRICT,2006,Assistance to Firefighters Grants,62296,EMW-2006-FG-15793
CA-50150,KEYES FIRE PROTECTION DISTRICT,2020,Assistance to Firefighters Grants (Supplemental),63883.68,EMW-2020-FG-01956
CA-51055,SUTTER COUNTY FIRE DEPARTMENT,2021,Assistance to Firefighters Grants,105909.09,EMW-2021-FG-09991
CA-51055,SUTTER COUNTY FIRE DEPARTMENT,2021,Assistance to Firefighters Grants,63723.38,EMW-2021-FG-11254
CA-51055,SUTTER COUNTY FIRE DEPARTMENT,2018,Staffing for Adequate Fire and Emergency Response (SAFER),823864.66,EMW-2018-FH-00270
CA-51055,SUTTER COUNTY FIRE DEPARTMENT,2013,Assistance to Firefighters Grants,623735,EMW-2013-FR-00461
CA-51055,SUTTER COUNTY FIRE DEPARTMENT,2005,Assistance to Firefighters Grants,39444,EMW-2005-FG-13436
CA-52015,CAPAY FIRE PROTECTION DISTRICT,2006,Assistance to Firefighters Grants,64984,EMW-2006-FG-03678
CA-52029,LA HONDA FIRE BRIGADE,2011,Assistance to Firefighters Grants,46333,EMW-2011-FO-08292
CA-52029,LA HONDA FIRE BRIGADE,2008,Staffing for Adequate Fire and Emergency Response (SAFER),49350,EMW-2008-FF-00693
CA-52029,LA HONDA FIRE BRIGADE,2007,Assistance to Firefighters Grants,14250,EMW-2007-FO-02305
CA-52029,LA HONDA FIRE BRIGADE,2006,Assistance to Firefighters Grants,35301,EMW-2006-FG-14680
CA-52030,TEHAMA COUNTY FIRE DEPARTMENT,2013,Staffing for Adequate Fire and Emergency Response (SAFER),1112599,EMW-2013-FH-00601
CA-52030,TEHAMA COUNTY FIRE DEPARTMENT,2006,Assistance to Firefighters Grants,759306,EMW-2006-FG-04565
CA-53005,HAYFORK VOLUNTEER FIRE DEPARTMENT,2006,Assistance to Firefighters Grants,285000,EMW-2006-FG-16134
CA-53010,LEWISTON FIRE DEPARTMENT,2009,Assistance to Firefighters Grants,276355,EMW-2009-FV-04816
CA-53010,LEWISTON FIRE DEPARTMENT,2008,Assistance to Firefighters Grants,6508,EMW-2008-FO-04894
CA-53010,LEWISTON FIRE DEPARTMENT,2007,Assistance to Firefighters Grants,19978,EMW-2007-FO-09608
CA-53010,LEWISTON FIRE DEPARTMENT,2005,Assistance to Firefighters Grants,355882,EMW-2005-FG-08230
CA-53014,SALYER VOLUNTEER FIRE DEPARTMENT,2023,Assistance to Firefighters Grants,44858.38,EMW-2023-FG-01659
CA-53014,SALYER VOLUNTEER FIRE DEPARTMENT,2022,Assistance to Firefighters Grants,84488.8,EMW-2022-FG-07877
CA-53014,SALYER VOLUNTEER FIRE DEPARTMENT,2021,Assistance to Firefighters Grants,259962.85,EMW-2021-FG-04909
CA-53014,SALYER VOLUNTEER FIRE DEPARTMENT,2013,Assistance to Firefighters Grants,40248,EMW-2013-FO-03077
CA-53014,SALYER VOLUNTEER FIRE DEPARTMENT,2008,Assistance to Firefighters Grants,69255,EMW-2008-FO-10659
CA-55005,COLUMBIA FIRE PROTECTION DISTRICT,2022,Assistance to Firefighters Grants,646254.54,EMW-2022-FG-00264
CA-55015,MI-WUK SUGAR PINE FIRE PROTECTION DISTRI,2023,Assistance to Firefighters Grants,66049.08,EMW-2023-FG-00372
CA-55015,MI-WUK SUGAR PINE FIRE PROTECTION DISTRI,2014,Fire Prevention and Safety,14570,EMW-2014-FP-00149
CA-55045,GROVELAND COMMUNITY SERVICE DISTRICT FD,2008,Assistance to Firefighters Grants,280190,EMW-2008-FV-07821
CA-56020,VENTURA COUNTY FIRE PROTECTION DISTRICT,2024,Assistance to Firefighters Grants,91818.18,EMW-2024-FG-04125
CA-56020,VENTURA COUNTY FIRE PROTECTION DISTRICT,2024,Assistance to Firefighters Grants,1909090.91,EMW-2024-FG-04691
CA-56020,VENTURA COUNTY FIRE PROTECTION DISTRICT,2023,Assistance to Firefighters Grants,881454.54,EMW-2023-FG-07436
CA-56020,VENTURA COUNTY FIRE PROTECTION DISTRICT,2022,Assistance to Firefighters Grants,577977.27,EMW-2022-FG-05063
CA-56020,VENTURA COUNTY FIRE PROTECTION DISTRICT,2021,Assistance to Firefighters Grants,505773.24,EMW-2021-FG-02473
CA-56020,VENTURA COUNTY FIRE PROTECTION DISTRICT,2021,Assistance to Firefighters Grants,326363.63,EMW-2021-FG-05756
CA-56020,VENTURA COUNTY FIRE PROTECTION DISTRICT,2021,Fire Prevention and Safety (Supplemental),86004,EMW-2021-FP-00013
CA-56020,VENTURA COUNTY FIRE PROTECTION DISTRICT,2020,Assistance to Firefighters Grants,541800,EMW-2020-FG-18616
CA-56020,VENTURA COUNTY FIRE PROTECTION DISTRICT,2019,Fire Prevention and Safety,195118.26,EMW-2019-FP-00245
CA-56020,VENTURA COUNTY FIRE PROTECTION DISTRICT,2018,Fire Prevention and Safety,195255.23,EMW-2018-FP-00421
CA-56020,VENTURA COUNTY FIRE PROTECTION DISTRICT,2017,Assistance to Firefighters Grants,240910,EMW-2017-FO-03412
CA-56020,VENTURA COUNTY FIRE PROTECTION DISTRICT,2017,Assistance to Firefighters Grants,62383,EMW-2017-FR-00154
CA-56020,VENTURA COUNTY FIRE PROTECTION DISTRICT,2016,Fire Prevention and Safety,136646,EMW-2016-FP-00522
CA-56020,VENTURA COUNTY FIRE PROTECTION DISTRICT,2015,Assistance to Firefighters Grants,1227273,EMW-2015-FO-02430
CA-56020,VENTURA COUNTY FIRE PROTECTION DISTRICT,2015,Assistance to Firefighters Grants,240182,EMW-2015-FR-00116
CA-56020,VENTURA COUNTY FIRE PROTECTION DISTRICT,2014,Assistance to Firefighters Grants,2009091,EMW-2014-FO-07261
CA-56020,VENTURA COUNTY FIRE PROTECTION DISTRICT,2011,Assistance to Firefighters Grants,121846,EMW-2011-FO-06373
CA-56020,VENTURA COUNTY FIRE PROTECTION DISTRICT,2005,Assistance to Firefighters Grants,229800,EMW-2005-FG-11486
CA-57010,CAPAY VALLEY FIRE PROTECTION DISTRICT,2005,Assistance to Firefighters Grants,76480.95,EMW-2005-FG-00724
CA-57020,CLARKSBURG FIRE PROTECTION DISTRICT,2024,Assistance to Firefighters Grants,267000,EMW-2024-FG-04469
CA-57020,CLARKSBURG FIRE PROTECTION DISTRICT,2016,Assistance to Firefighters Grants,45215,EMW-2016-FO-06111
CA-57025,CITY OF DAVIS FIRE DEPARTMENT,2014,Assistance to Firefighters Grants,189000,EMW-2014-FR-00363
CA-57025,CITY OF DAVIS FIRE DEPARTMENT,2013,Assistance to Firefighters Grants,352151,EMW-2013-FR-00357
CA-57040,DUNNIGAN FIRE PROTECTION DISTRICT,2006,Assistance to Firefighters Grants,118750,EMW-2006-FG-00745
CA-57040,DUNNIGAN FIRE PROTECTION DISTRICT,2005,Assistance to Firefighters Grants,116061,EMW-2005-FG-17792
CA-57075,WOODLAND FIRE DEPARTMENT,2024,Assistance to Firefighters Grants,228590.91,EMW-2024-FG-05347
CA-57075,WOODLAND FIRE DEPARTMENT,2023,Assistance to Firefighters Grants,35690.9,EMW-2023-FG-03821
CA-57075,WOODLAND FIRE DEPARTMENT,2022,Assistance to Firefighters Grants,136042.25,EMW-2022-FG-06705
CA-57075,WOODLAND FIRE DEPARTMENT,2021,Assistance to Firefighters Grants,40454.54,EMW-2021-FG-10289
CA-57075,WOODLAND FIRE DEPARTMENT,2020,Assistance to Firefighters Grants (Supplemental),24268.15,EMW-2020-FG-00156
CA-57075,WOODLAND FIRE DEPARTMENT,2019,Assistance to Firefighters Grants,763636.36,EMW-2019-FG-00190
CA-57075,WOODLAND FIRE DEPARTMENT,2019,Assistance to Firefighters Grants,31854.55,EMW-2019-FG-00783
CA-57075,WOODLAND FIRE DEPARTMENT,2018,Staffing for Adequate Fire and Emergency Response (SAFER),716840.39,EMW-2018-FH-00290
CA-57075,WOODLAND FIRE DEPARTMENT,2017,Assistance to Firefighters Grants,170358,EMW-2017-FR-00273
CA-57075,WOODLAND FIRE DEPARTMENT,2008,Assistance to Firefighters Grants,802425,EMW-2008-FR-00201
CA-57085,WILLOW OAK FIRE PROTECTION DISTRICT,2007,Assistance to Firefighters Grants,23529,EMW-2007-FO-07052
CA-57090,YOLO FIRE PROTECTION DISTRICT,2006,Assistance to Firefighters Grants,81719.95,EMW-2006-FG-01513
CA-58002,CAMPTONVILLE FIRE DEPARTMENT,2006,Assistance to Firefighters Grants,41439,EMW-2006-FG-12034
CA-58004,FOOTHILL FIRE PROTECTION DISTRICT,2008,Assistance to Firefighters Grants,30301.39,EMW-2008-FO-08311
