fema_recipient,awards,amount,fiscal_years,reason
OHIO STATE OF,72,641972872,2005-2023,no registry name matches
DO NOT USE,622,90653759,2005-2019,no registry name matches
"OHIO DEPARTMENT OF PUBLIC SAFETY, EMERGE",13,81023883,2023-2025,no registry name matches
CITY OF CINCINNATI,35,41542121,2006-2025,no registry name matches
CITY OF AKRON,24,39968400,2005-2023,no registry name matches
TOLEDO FIRE PREVENTION BUREAU,13,11132662,2007-2025,no registry name matches
CITY OF CANTON,13,10096409,2009-2024,no registry name matches
CITY OF CLEVELAND,16,8784762,2014-2025,no registry name matches
"WARREN, CITY OF",10,7824363,2009-2017,no registry name matches
CITY OF FAIRFIELD,15,5774021,2005-2023,no registry name matches
CITY OF LORAIN FIRE DEPARTMENT,7,5627971,2008-2018,no registry name matches
JACKSON TOWNSHIP,11,5462698,2009-2024,no registry name matches
CITY OF FRANKLIN DIVISION OF FIRE & EMS,11,5304008,2005-2022,no registry name matches
FRANKLIN TOWNSHIP,6,5269350,2008-2020,no registry name matches
CITY OF PARMA,16,5148184,2009-2023,no registry name matches
CLEVELAND FIRE DEPARTMENT,7,4945668,2008-2010,no registry name matches
GREATER CLEVELAND REGIONAL TRANSIT,8,4931913,2009-2017,no registry name matches
CUYAHOGA COUNTY BOARD OF COMMISSION,4,4778994,2008-2011,no registry name matches
CITY OF DAYTON,20,4523002,2005-2024,no registry name matches
LIBERTY TOWNSHIP FIRE DEPARTMENT,11,4256161,2006-2023,ambiguous: OH-21117; OH-32117; OH-17117; OH-09107; OH-80009; OH-78129
CITY OF EAST CLEVELAND,12,3966188,2010-2021,no registry name matches
TOLEDO-LUCAS COUNTY PORT AUTHORITY,5,3963149,2008-2011,no registry name matches
CITY OF TROTWOOD,8,3950822,2019-2024,no registry name matches
CITY OF EUCLID,6,3793991,2019-2023,no registry name matches
CITY OF CLEVELAND HEIGHTS,13,3755741,2005-2021,no registry name matches
WILLOUGHBY CITY OF FIRE DEPARTMENT,17,3721659,2005-2024,no registry name matches
CITY OF CIRCLEVILLE,8,3656627,2015-2021,no registry name matches
WAYNE TOWNSHIP OF,16,3544674,2005-2023,no registry name matches
PRAIRIE TOWNSHIP TRUSTEES,4,3526913,2005-2022,no registry name matches
CITY OF MIDDLETOWN,8,3366783,2006-2024,no registry name matches
CITY OF COLUMBUS,5,3267617,2005-2020,no registry name matches
CITY OF MANSFIELD,6,3206099,2006-2024,no registry name matches
NORWICH TWP,6,3086293,2006-2023,no registry name matches
CITY OF MASSILLON,10,3078331,2006-2020,no registry name matches
CITY OF MAPLE HEIGHTS,13,3058889,2014-2024,no registry name matches
CITY OF DELPHOS,8,3000510,2006-2023,no registry name matches
CITY OF FOSTORIA,5,2966578,2010-2023,no registry name matches
CITY OF BEDFORD,7,2917215,2010-2023,no registry name matches
CITY OF TIFFIN,11,2912797,2009-2024,no registry name matches
CITY OF RICHMOND HEIGHTS,17,2863271,2008-2024,no registry name matches
CITY OF MENTOR,9,2793645,2005-2018,no registry name matches
AUSTINTOWN TOWNSHIP FIRE DEPARTMENT,15,2760700,2005-2024,no registry name matches
"PLEASANT TOWNSHIP, MARION COUNTY",4,2731018,2019-2024,no registry name matches
"COMMERCE, OHIO DEPARTMENT OF",7,2660063,2015-2024,no registry name matches
MADISON TOWNSHIP,12,2654381,2005-2020,no registry name matches
NORWOOD CITY OF,6,2640074,2006-2014,no registry name matches
SUGARCREEK TOWNSHIP,7,2605309,2005-2024,no registry name matches
COVENTRY TOWNSHIP,17,2600154,2006-2021,no registry name matches
HOPEDALE VOLUNTEER FIRE DEPARTMENT,9,2592896,2011-2021,no registry name matches
CHAMPION TOWNSHIP,8,2591087,2007-2024,no registry name matches
SPRINGFIELD TOWNSHIP,9,2586877,2006-2024,no registry name matches
CLEVELAND CLINIC LERNER COLLEGE OF,3,2496617,2007-2014,no registry name matches
CITY OF DELAWARE,1,2491512,2022-2022,no registry name matches
"YOUNGSTOWN, CITY OF",9,2456014,2007-2017,no registry name matches
MIFFLIN TOWNSHIP,8,2444429,2008-2024,no registry name matches
CITY OF ALLIANCE CITY HALL,12,2440992,2009-2024,no registry name matches
MIAMI TWP CLERMONT CO,6,2440681,2007-2024,no registry name matches
CITY OF NEWARK,10,2407620,2008-2018,no registry name matches
CITY OF OREGON,1,2375110,2024-2024,no registry name matches
OHIO DEPARTMENT OF PUBLIC SAFETY,2,2369839,2008-2009,no registry name matches
CITY OF GREEN,8,2326918,2007-2021,no registry name matches
DEPARTMENT OF NATURAL RESOURSES,3,2206024,2010-2013,no registry name matches
CITY OF BELLEFONTAINE,8,2200532,2007-2021,no registry name matches
BEAVERCREEK FIRE DEPARTMENT,3,2178269,2017-2023,no registry name matches
EUCLID CITY OF,8,2172881,2007-2018,no registry name matches
HAMILTON FIRE DEPARTMENT,7,2165444,2005-2017,no registry name matches
CITY OF NEW FRANKLIN,13,2025165,2005-2024,no registry name matches
VILLAGE OF CUYAHOGA HEIGHTS,9,2001298,2010-2024,no registry name matches
CHILLICOTHE CITY OF,8,1948435,2005-2020,no registry name matches
PLAIN TOWNSHIP,4,1929633,2014-2024,no registry name matches
CITY OF PARMA HEIGHTS,5,1877597,2010-2023,no registry name matches
GOSHEN TOWNSHIP OF,16,1874449,2005-2024,no registry name matches
FRANKLIN TOWNSHIP FIRE & EMS,10,1838245,2014-2024,no registry name matches
JEROME TOWNSHIP FIRE DEPARTMENT,7,1837479,2008-2021,no registry name matches
PICKAWAY VOLUNTEER FIRE DEPARTMENT,7,1826689,2012-2023,no registry name matches
CITY OF EAST LIVERPOOL,5,1807131,2007-2024,no registry name matches
CITY OF SPRINGFIELD,8,1785128,2005-2022,no registry name matches
NILES CITY OF,7,1776560,2006-2018,no registry name matches
CITY OF DEFIANCE,4,1755604,2017-2022,no registry name matches
CITY OF XENIA,8,1728845,2008-2021,no registry name matches
TOLEDO FIRE AND RESCUE DEPARTMENT,1,1715200,2006-2006,no registry name matches
VILLAGE OF LAKEMORE,9,1696349,2005-2023,no registry name matches
"FINDLAY, CITY OF",6,1695640,2005-2017,no registry name matches
BAZETTA TOWNSHIP,16,1674241,2006-2024,no registry name matches
CITY OF PERRYSBURG,7,1667401,2006-2020,no registry name matches
BSTG FIRE DISTRICT,3,1642560,2019-2024,no registry name matches
"NEW PHILADELPHIA, CITY OF",2,1611594,2017-2019,no registry name matches
STOW CITY OF,8,1593020,2008-2017,no registry name matches
CITY OF WARRENSVILLE HTS,2,1579486,2010-2018,no registry name matches
CITY OF WORTHINGTON,4,1573957,2020-2022,no registry name matches
CITY OF LOGAN,3,1570841,2021-2022,no registry name matches
PAINESVILLE TOWNSHIP INC,5,1561193,2019-2022,no registry name matches
MONROE TOWNSHIP TRUSTEE,9,1515116,2005-2021,no registry name matches
"SANDUSKY, CITY OF",7,1504207,2005-2017,no registry name matches
CINCINNATI UNIV OF,1,1500000,2023-2023,no registry name matches
CLINTON TOWNSHIP,4,1495536,2020-2023,no registry name matches
NEW LEXINGTON CITY,8,1494111,2005-2021,no registry name matches
ST ALBANS TOWNSHIP,5,1480741,2013-2024,no registry name matches
JACKSON TOWNSHIP FIRE DEPARTMENT,8,1476003,2008-2020,ambiguous: OH-16300; OH-25113; OH-76105
PERRY TOWNSHIP BOARD OF TRUSTEES,10,1462892,2005-2017,no registry name matches
SPRINGFIELD TOWNSHIP FIRE DEPARTMENT,6,1455002,2007-2022,ambiguous: OH-31201; OH-27300; OH-50127; OH-48113; OH-77123; OH-70127
FALLS TOWNSHIP VOLUNTEER FD,6,1453445,2013-2022,no registry name matches
"THURSTON, VILLAGE OF",2,1417248,2020-2021,no registry name matches
CITY OF STREETSBORO FIRE DEPARTMENT,2,1406101,2019-2023,no registry name matches
"GALION, CITY OF",8,1405812,2011-2020,no registry name matches
VILLAGE OF HICKSVILLE,3,1381836,2019-2024,no registry name matches
MONCLOVA TOWNSHIP,3,1373918,2005-2024,no registry name matches
LAWRENCE TOWNSHIP,6,1343533,2020-2024,no registry name matches
MOUNT ORAB VILLAGE OF,3,1330858,2020-2022,no registry name matches
UNION TOWNSHIP FIRE DEPARTMENT,6,1328365,2005-2013,ambiguous: OH-13229; OH-80123
COPLEY FIRE DEPARTMENT,7,1312760,2006-2013,no registry name matches
SYLVANIA TOWNSHIP OF,6,1304250,2006-2017,no registry name matches
CITY OF SOUTH EUCLID,9,1296004,2006-2024,no registry name matches
REMINDERVILLE ADMIN OFC,6,1287012,2012-2023,no registry name matches
"GIRARD, CITY OF (INC)",2,1281672,2011-2016,no registry name matches
WILOUGHBY HILLS FIRE DEPT,7,1274309,2006-2024,no registry name matches
CITY OF MASON,2,1267986,2011-2022,no registry name matches
CITY OF MONROE / MONROE FIRE DEPART,4,1259579,2007-2015,no registry name matches
CITY OF AVON LAKE,3,1251841,2020-2023,no registry name matches
CITY OF CANAL FULTON,7,1246314,2009-2024,no registry name matches
HUNTINGTON TOWNSHIP TRUSTEES,6,1246246,2011-2024,no registry name matches
TRURO TOWNSHIP,2,1245213,2021-2022,no registry name matches
"GRANVILLE, TOWNSHIP OF",6,1229347,2006-2016,no registry name matches
VIOLET TOWNSHIP,2,1217918,2021-2021,no registry name matches
WASHINGTON TOWNSHIP,11,1214475,2005-2024,no registry name matches
CITY OF RIVERSIDE,9,1197500,2005-2024,no registry name matches
OHIO FIRE CHIEFS' ASSOCIATION,1,1195760,2009-2009,no registry name matches
CHESTER TOWNSHIP,4,1190851,2007-2021,no registry name matches
CITY OF WESTLAKE - FIRE DEPT.,3,1171327,2009-2012,no registry name matches
JEFFERSON TOWNSHIP,8,1160057,2015-2024,no registry name matches
CITY OF ASHTABULA FIRE DEPARTMENT,3,1155683,2020-2022,no registry name matches
"MORAINE, CITY OF",10,1139194,2006-2020,no registry name matches
"LINDSEY, VILLAGE OF",4,1136411,2009-2017,no registry name matches
THE WINTERSVILLE VOLUNTEER FIRE DEPARTME,3,1136327,2019-2023,no registry name matches
NORWALK CITY OF,6,1109553,2005-2018,no registry name matches
CITY OF LIMA,10,1107774,2005-2024,no registry name matches
"WAPAKONETA, CITY OF",4,1104323,2007-2022,no registry name matches
KIDRON VOLUNTEER FIRE DEPARTMENT THE INC,16,1096878,2005-2024,no registry name matches
VILLAGE OF LODI,7,1086840,2015-2024,no registry name matches
MUNSON FIRE & RESCUE,6,1084390,2008-2023,no registry name matches
CITY OF KIRTLAND INC,17,1069468,2005-2024,no registry name matches
CITY OF OLMSTED FALLS,7,1064966,2005-2020,no registry name matches
URBANA CITY INC,7,1053129,2006-2017,no registry name matches
PLEASANT TWNSHIP FRANKLIN COUNTY,8,1050947,2016-2021,no registry name matches
OLD WASHINGTON COMMUNITY VOLUNTEER FIRE,5,1049617,2009-2021,no registry name matches
LEBANON CITY OF,2,1032943,2010-2016,no registry name matches
SPRING VALLEY TOWNSHIP,6,1031784,2007-2020,no registry name matches
WASHINGTON TOWNSHIP OFFICE OF,2,1022447,2006-2023,no registry name matches
PERRYSBURG TOWNSHIP,8,1020453,2014-2022,no registry name matches
CITY OF MIDDLEBURG HEIGHTS,6,1019228,2005-2024,no registry name matches
CITY OF NORTHWOOD,3,1017264,2020-2024,no registry name matches
BOKESCREEK TWP TRUSTEES,1,999999,2024-2024,no registry name matches
SPRINGFIELD TOWNSHIP TRUSTEES,2,992857,2016-2024,no registry name matches
"HEBRON, VILLAGE OF",5,986571,2005-2013,no registry name matches
SOUTHWESTERN HANCOCK JOINT FIRE DISTRICT,2,978190,2020-2022,no registry name matches
OLMSTED TOWNSHIP,2,977057,2020-2021,no registry name matches
CITY OF UNIVERSITY HEIGHTS,8,968712,2009-2021,no registry name matches
CARLISLE TOWNSHIP,8,955727,2011-2015,no registry name matches
FLORENCE TOWNSHIP,9,948201,2007-2018,no registry name matches
VILLAGE OF BETHESDA,8,944904,2008-2024,no registry name matches
CITY OF MT HEALTHY,1,942438,2024-2024,no registry name matches
"EASTLAKE, CITY OF",4,934547,2009-2014,no registry name matches
CITY OF VERMILION,2,912896,2020-2023,no registry name matches
SUNSET HEIGHTS VOLUNTEER FIRE DEPAR,3,910623,2011-2014,no registry name matches
MIDDLEFIELD VOLUNTEER FIRE DEPARTMENT IN,9,910203,2005-2018,no registry name matches
CITY OF NORTH CANTON,7,902684,2005-2020,no registry name matches
WHITEHOUSE VILLAGE OF,7,896163,2006-2023,no registry name matches
CITY OF SPRINGDALE,7,885044,2012-2023,no registry name matches
THOMPSON TOWNSHIP OF,5,867180,2005-2024,no registry name matches
NEWTON TOWNSHIP OF,3,866394,2020-2021,no registry name matches
CARDINAL JT FIRE DISTRICT,5,860043,2020-2024,no registry name matches
CITY OF ELYRIA,2,856894,2020-2023,no registry name matches
SOUTHWEST OH REGIONAL TRANSIT AUTH,3,856501,2009-2011,no registry name matches
WEATHERSFIELD TOWNSHIP TRUSTEES,6,854609,2007-2024,no registry name matches
MARION TOWNSHIP,6,845671,2014-2024,no registry name matches
CITY OF BEREA,3,840753,2013-2021,no registry name matches
THE WASHINGTON TOWNSHIP VOLUNTEER FIRE D,3,840667,2019-2022,ambiguous: OH-32001; OH-34129; OH-37111; OH-73025; OH-76133; OH-87133
"RITTMAN, CITY OF INC",4,837830,2006-2020,no registry name matches
CITY OF FAIRVIEW PARK,5,826527,2007-2021,no registry name matches
CITY OF COLUMBIANA,6,822779,2005-2021,no registry name matches
BEAVER TOWNSHIP TRUSTEES,2,816333,2017-2024,no registry name matches
VILLAGE OF NEW LEBANON,3,810356,2016-2021,no registry name matches
CHESAPEAKE UNION TWP FIRE DEPARTMENT,2,801701,2019-2021,no registry name matches
WYOMING CITY OF,6,791561,2005-2020,no registry name matches
GRAND RIVER VILLAGE,5,782808,2013-2024,no registry name matches
CITY-HARRISON FINANCE OFFICE,4,780038,2015-2024,no registry name matches
BUCYRUS CITY FIRE DEPARTMENT,2,775728,2011-2017,no registry name matches
CITY OF SHAKER HEIGHTS,8,775062,2005-2023,no registry name matches
ELYRIA TOWNSHIP COMPLEX,4,775021,2019-2023,no registry name matches
NATURAL RESOURCE OHIO DEPARTMENT OF,16,772297,2011-2017,no registry name matches
CITY OF WICKLIFFE,6,770404,2006-2019,no registry name matches
MIAMI TOWNSHIP,2,769607,2008-2023,no registry name matches
SAYBROOK TOWNSHIP,1,765054,2019-2019,no registry name matches
CITY OF STEUBENVILLE,1,761904,2020-2020,no registry name matches
BRYAN OHIO CITY OF INC,2,760152,2007-2016,no registry name matches
CITY OF MARION,2,756526,2006-2018,no registry name matches
CITY OF WESTERVILLE,2,755840,2012-2023,no registry name matches
LANCASTER CITY OF,5,754842,2006-2018,no registry name matches
UPPER SANDUSKY CITY,3,754785,2009-2022,no registry name matches
VILLAGE OF SOUTH AMHERST,5,748859,2009-2022,no registry name matches
DRESDEN VILLAGE OF,6,741534,2008-2021,no registry name matches
"CARROLLTON, VILLAGE OF",4,739277,2005-2017,no registry name matches
"LOCKINGTON VOLUNTEER FIRE ASSOCIATION, I",8,737751,2005-2023,no registry name matches
CITY OF NORTH RIDGEVILLE,6,727196,2009-2019,no registry name matches
STONELICK TOWNSHIP,7,721725,2010-2024,no registry name matches
CITY OF HEATH,4,721495,2006-2024,no registry name matches
WEST MANCHESTER VILLAGE,4,721385,2008-2023,no registry name matches
SRWW JOINT FIRE DISTRICT 2,6,712405,2005-2022,no registry name matches
BATH TOWNSHIP TRUSTEES,5,708174,2015-2021,no registry name matches
SPENCER TOWNSHIP FIRE/RESCUE,4,693887,2011-2014,no registry name matches
CITY OF READING,6,687724,2007-2024,no registry name matches
CRIDERS VILLE FIRE DEPARTMENT,4,685120,2005-2021,no registry name matches
EDINGBURG VOLUNTEER FIRE,8,680537,2005-2014,no registry name matches
PROVIDENCE TOWNSHIP,2,676048,2022-2022,no registry name matches
GETTYSBURG RURAL,9,671695,2005-2022,no registry name matches
CITY OF STOW,5,670305,2018-2024,no registry name matches
DEPARTMENT OF NATURAL RESOURCES,4,663206,2023-2024,no registry name matches
BERGHOLZ VOLUNTEER FIRE DEPARTMENT,5,662291,2019-2020,no registry name matches
MONROE TOWNSHIP HENRY COUNTY,5,659883,2007-2014,no registry name matches
CITY OF SHARONVILLE,1,655788,2024-2024,no registry name matches
MIFFLIN TOWNSHIP TRUSTEES,4,653756,2015-2021,no registry name matches
WILMINGTON CITY OF,5,639924,2005-2018,no registry name matches
CENTRAL OHIO TRANSIT AUTHORITY,1,636700,2024-2024,no registry name matches
PARKMAN TOWNSHIP TRUSTEES,4,633421,2013-2018,no registry name matches
BROOKFIELD TOWNSHIP OF,6,633145,2014-2022,no registry name matches
CITY OF SEBRING,1,630974,2024-2024,no registry name matches
PRAIRIE TWP FIRE DEPARTMENT,2,620966,2006-2009,ambiguous: OH-38117; OH-25131
"MONROE TOWNSHIP, CLERMONT COUNTY",3,620560,2014-2022,no registry name matches
PAINESVILLE CITY OF,2,611495,2005-2017,no registry name matches
JACKSONVILLE VOLUNTEER FIRE DEPARTM,4,611306,2005-2018,no registry name matches
RUSH TOWNSHIP,2,610306,2017-2020,no registry name matches
"COLERAIN, TOWNSHIP OF",7,606378,2006-2024,no registry name matches
HARRIS TOWNSHIP OTTAWA COUNTY,2,606001,2017-2018,no registry name matches
CITY OF HUBER HEIGHTS,2,595474,2019-2022,no registry name matches
BAY VILLAGE CITY OF,5,591107,2007-2017,no registry name matches
NEWTON TOWSHIP DIVISION OF FIRE,5,589579,2006-2022,no registry name matches
LAKEVIEW VILLAGE VOL FIRE,4,583865,2008-2016,no registry name matches
MOHAWK VALLEY FIREFIGHTER'S ASSOCIATION,2,579571,2018-2020,no registry name matches
IBERIA JOINT FIRE DISTRICT,2,579262,2020-2021,no registry name matches
TROY TOWNSHIP GOVERNMENT OFFICE,3,578087,2005-2021,no registry name matches
SULLIVAN TOWNSHIP BOARD OF TRUSTEES,2,575238,2020-2022,no registry name matches
NIMISHILLEN TOWNSHIP OF,4,573112,2005-2020,no registry name matches
WAYNE TOWNSHIP FIRE DEPARTMENT,6,572482,2005-2021,ambiguous: OH-09125; OH-04151; OH-83121
MILTON TOWNSHIP VOLUNTEER FIRE DEPT,2,570000,2006-2010,no registry name matches
JACKSON TWP TRUSTEES,3,568234,2019-2021,no registry name matches
"HOLLANSBURG COMMUNITY FIRE DEPARTMENT, I",2,565595,2018-2021,no registry name matches
BRUSHCREEK FIRE DEPARTMENT,4,563673,2008-2011,no registry name matches
MARYANN TOWNSHIP TRUSTEES,3,563121,2020-2024,no registry name matches
VILLAGE OF HIGHLAND HILLS,4,561708,2017-2023,no registry name matches
RICHLAND TOWNSHIP,2,559048,2021-2022,no registry name matches
DELLROY COMMUNITY VOLUNTEER FIRE DE,3,556821,2005-2013,no registry name matches
CITY OF NORTH ROYALTON,3,556299,2006-2023,no registry name matches
WAYNE TOWNSHIP,3,552429,2015-2020,no registry name matches
WOOSTER FIRE DIVISION,7,542995,2005-2013,no registry name matches
CONCORD TOWNSHIP,8,540243,2009-2023,no registry name matches
LEIPSIC VILLAGE OF,3,535686,2014-2017,no registry name matches
PORTER TOWNSHIP,5,529433,2005-2016,no registry name matches
VILLAGE OF WOODLAWN,6,525478,2020-2024,no registry name matches
LOWELLVILLE VILLAGE OF,9,524626,2007-2021,no registry name matches
BLANCHARD TOWNSHIP TRUSTEES,2,523310,2020-2020,no registry name matches
SPRINGFIELD TOWNSHIP FIRE DEPARTMEN,5,521596,2007-2017,no registry name matches
CITY OF PEPPER PIKE,3,517459,2020-2022,no registry name matches
HARLEM TOWNSHIP FIRE DEPARTMENT,2,516429,2020-2021,no registry name matches
OHIO CITY INC VILLAGE OF,3,511125,2013-2016,no registry name matches
SHEFFIELD LAKE CITY OF,5,510126,2012-2020,no registry name matches
LIBERTY TOWNSHIP VOL. FIRE DEPARTME,3,509428,2009-2012,no registry name matches
JEFFERSON TOWNSHIP BOARD OF TRUSTEES,5,505972,2019-2022,no registry name matches
WILLSHIRE VILLAGE TREASURER,4,500413,2009-2023,no registry name matches
RICHLAND TWP FIRE DEPARTMENT,2,500373,2020-2020,no registry name matches
CITY OF BEACHWOOD OHIO,3,497462,2018-2021,no registry name matches
CITY OF ATHENS,7,491867,2007-2023,no registry name matches
LIBERTY FIRE DEPARTMENT,9,489691,2005-2015,no registry name matches
UNION TOWNSHIP VOLUNTEER FIRE DEPAR,5,487958,2005-2014,no registry name matches
VILLAGE OF MIDDLE POINT,3,487592,2009-2023,no registry name matches
SHELBY FIRE DEPARTMENT,6,485945,2007-2012,no registry name matches
TOWNSEND TOWNSHIP OF,2,484016,2021-2022,no registry name matches
DALTON VOLUNTEER FIRE DEPARTMENT,3,481621,2009-2013,no registry name matches
BROOKLYN HEIGHTS VILLAGE,8,480446,2006-2020,no registry name matches
SHERRODSVILLE COMMUNITY FIRE AND RECSUE,3,479896,2005-2007,no registry name matches
ANDERSON TOWNSHIP,5,478085,2020-2024,no registry name matches
VILLAGE OF POWHATAN POINT,1,476181,2021-2021,no registry name matches
WREN FIRE DEPARTMENT,8,462748,2005-2017,no registry name matches
NORTHEAST CHAMPAIGN COUNTY FIRE DIS,3,461509,2012-2016,no registry name matches
KINSMAN TOWNSHIP,4,461093,2010-2015,no registry name matches
YORK TOWNSHIP,2,452412,2020-2021,no registry name matches
VILLAGE OF SOUTH POINT,2,448725,2010-2021,no registry name matches
CHICKASAW COMMUNITY MUTUAL FIRE COM,7,447159,2007-2016,no registry name matches
UNION TOWNSHIP OF TRUSTEES,3,436874,2009-2024,no registry name matches
"AURORA, CITY OF",4,436830,2005-2018,no registry name matches
DEERFIELD TOWNSHIP VOLUNTEER FIRE,4,435395,2005-2016,no registry name matches
TOWNSHIP OF BROOKFIELD,3,433139,2009-2016,no registry name matches
"MARIETTA, CITY OF",4,426314,2008-2016,no registry name matches
RANDOLPH TOWNSHIP FIRE DEPARTMENT,4,421214,2005-2012,no registry name matches
HARLAN TOWNSHIP,2,420265,2019-2021,no registry name matches
RAVENNA TOWNSHIP,9,419738,2011-2021,no registry name matches
WAYNE TOWNSHIP TRUSTEES,4,418241,2008-2016,no registry name matches
CUMBERLAND TRAIL FIRE DISTRICT NO. 4,2,411329,2020-2021,no registry name matches
CITY OF STRONGSVILLE,3,408990,2005-2021,no registry name matches
BURKETTSVILLE COMMUNITY FIRE DEPART,6,404371,2005-2017,no registry name matches
"FRAZEYSBURG VOLUNTEER FIRE DEPARTMENT, I",4,403581,2018-2022,no registry name matches
WAYNE TWP. VOL. FIRE DEPT.,2,399524,2008-2008,ambiguous: OH-79141; OH-01127
MASSIE TOWNSHIP VOLUNTEER FIRE DEPARTMEN,3,396081,2010-2021,no registry name matches
CITY OF CONNEAUT,4,390130,2008-2024,no registry name matches
BOARDMAN TOWNSHIP TRUSTEES,2,389062,2010-2024,no registry name matches
OHIO UNIVERSITY,1,387848,2009-2009,no registry name matches
CITY OF BARBERTON,3,386528,2019-2024,no registry name matches
VILLAGE OF NEWBURG HTS,3,386198,2007-2022,no registry name matches
WASHINGTON TOWNSHIP TRUSTEES,2,385508,2005-2024,no registry name matches
"CITY OF NAPOLEON OHIO, FIRE DEPARTM",2,384190,2009-2012,no registry name matches
CITY OF FINDLAY,5,380267,2020-2024,no registry name matches
LYNCHBURG AREA JOINT FIRE AND AMBUL,1,379048,2019-2019,no registry name matches
FREEPORT COMMUNITY VOLUNTEER FIRE D,4,377445,2006-2012,no registry name matches
CITY OF UPPER ARLINGTON,3,376210,2017-2024,no registry name matches
CITY OF INDEPENDENCE,7,375281,2007-2022,no registry name matches
CITY OF LEBANON,1,374801,2023-2023,no registry name matches
POLK JACKSON PERRY VOLUNTEER,2,374521,2012-2023,no registry name matches
CLEVELAND METROPARKS,3,373240,2015-2017,no registry name matches
WHITEWATER TOWNSHIP,3,370752,2007-2018,no registry name matches
MOUNT GILEAD VILLAGE OF,1,370201,2019-2019,no registry name matches
CITY OF ROSSFORD,2,366257,2019-2024,no registry name matches
PLEASANT TOWNSHIP FIRE DEPARTMENT,2,365896,2005-2007,ambiguous: OH-25129; OH-23019; OH-12117
MARSHALL TOWNSHIP TRUSTEES,2,363429,2019-2022,no registry name matches
MCCOMB VOLUNTEER FIRE DEPARTMENT,2,358625,2008-2008,no registry name matches
adena volunteer fire company,2,351872,2005-2013,no registry name matches
GALLIPOLIS VOLUNTEER FIRE DEPT,6,351439,2005-2010,no registry name matches
CITY OF HURON FIRE DIVISION,2,350704,2005-2007,no registry name matches
CITY OF MENTOR ON THE LAKE FIRE DEP,4,350284,2005-2011,no registry name matches
MARGARETTA TOWNSHIP,2,349455,2020-2021,no registry name matches
WESTERN HOLMES CNTY FIRE DISTRICT,2,346978,2007-2007,no registry name matches
ADAMSVILLE COMMUNITY FIRE DEPARTMEN,6,343226,2005-2013,no registry name matches
SHERWOOD VOL. FIRE DEPARTMENT,4,341880,2005-2023,no registry name matches
MECHANICSBURG FIRE DEPARTMENT,3,341183,2012-2014,no registry name matches
TOWNSHIP OF CLARK BOARD OF TRUSTEES,3,339506,2006-2015,no registry name matches
QUAKER CITY VILLAGE OF,1,337130,2024-2024,no registry name matches
CITY OF WILLARD,3,335538,2020-2024,no registry name matches
VILLAGE OF KALIDA,6,334642,2005-2022,no registry name matches
NORTH LAWRENCE VOLUNTEER,3,332762,2020-2024,no registry name matches
VOLUNTEER FIREMEN OF MAGNOLIA INCORPORAT,3,330944,2008-2018,no registry name matches
MILFORD TOWNSHIP MAINTENANCE,3,330320,2006-2022,no registry name matches
COITSVILLE TOWNSHIP FIRE DEPARTMENT,3,329483,2007-2014,no registry name matches
BLOOM TOWNSHIP,4,328838,2007-2023,no registry name matches
CITY OF WAUSEON,4,327363,2009-2023,no registry name matches
NORTH RANDALL VILLAGE,3,326470,2007-2021,no registry name matches
JEFFERSON TOWNSHIP FIRE DEPARTMENT,5,323098,2005-2012,ambiguous: OH-49109; OH-57111; OH-01129; OH-17200; OH-25115; OH-29109; OH-24005
HANOVER TOWNSHIP BUTLER COUNTY,4,320896,2006-2024,no registry name matches
RUTLAND VOLUNTEER FIRE DEPARTMENT,5,317450,2006-2022,no registry name matches
CITY OF PIQUA,3,316316,2020-2022,no registry name matches
NEWARK TOWNSHIP,4,315877,2009-2021,no registry name matches
CITY OF BRECKSVILLE,3,313768,2015-2024,no registry name matches
BETHEL TOWNSHIP TRUSTEES,3,313696,2008-2018,no registry name matches
DEERSVILLE COMMUNITY VOLUNTEER FIRE,2,312794,2010-2014,no registry name matches
NEW PITTSBURG FIRE AND RESCUE ASS.,4,311769,2005-2010,no registry name matches
"FARMERSVILLE FIRE ASSOCIATION, INC.",2,309448,2005-2007,no registry name matches
SWANTON FIRE DEPARTMENT,2,309298,2011-2012,no registry name matches
OSGOOD COMMUNITY VOLUNTEER FIRE DEP,6,307215,2007-2021,no registry name matches
MILAN TOWNSHIP OF,2,305708,2007-2022,no registry name matches
SHERRODSVILLE VOLUNTEER FIRE DEPART,2,305577,2011-2015,no registry name matches
CITY OF CAMBRIDGE,3,302444,2018-2024,no registry name matches
FLORIDA FLATROCK VOLUNTEER FIRE DEP,4,299257,2007-2012,no registry name matches
DELAWARE COUNTY,3,299152,2006-2016,no registry name matches
BEAVERCREEK  TOWNSHIP FIRE DEPARTME,2,298426,2005-2010,no registry name matches
MARLBORO TOWNSHIP FIRE DEPARTMENT,5,295662,2006-2017,no registry name matches
CITY OF VANDALIA,3,295378,2010-2021,no registry name matches
LOUDON TOWNSHIP VOLUNTEER,3,290776,2015-2016,no registry name matches
VILLAGE OF WEST UNION,2,289980,2023-2024,no registry name matches
VILLAGE OF N BALTIMORE,3,288548,2012-2023,no registry name matches
BREWSTER VILLAGE OF,4,287024,2005-2020,no registry name matches
SOMERSET-READING TOWNSHIP FIRE DEPT,4,286836,2005-2007,no registry name matches
DELHI TOWNSHIP,4,286504,2009-2024,no registry name matches
MCARTHUR VOLUNTEER FIRE DEPARTMENT,1,285000,2006-2006,no registry name matches
CITY OF FOREST PARK,2,284094,2006-2008,no registry name matches
UNION TOWNSHIP,2,283892,2018-2018,no registry name matches
NEW BOSTON VILLAGE OF,4,282970,2005-2022,no registry name matches
VILLAGE OF SYCAMORE,3,282935,2008-2018,no registry name matches
CITY OF HURON,2,282495,2018-2023,no registry name matches
"WHITEHALL, CITY OF",1,279773,2022-2022,no registry name matches
CITY OF GENEVA,2,279520,2013-2014,no registry name matches
VILLAGE OF MINGO JUNCTION,3,279268,2011-2023,no registry name matches
"AUBURN, TOWNSHIP OF",1,278095,2023-2023,no registry name matches
CITY OF TROY,2,275021,2019-2020,no registry name matches
XENIA TOWNSHIP BOARD OF TRUSTEES,2,274176,2019-2023,no registry name matches
DECATUR VOLUNTEER FIRE DEPARTMENT,2,273523,2005-2006,no registry name matches
"CLAYTON, CITY OF",5,272844,2005-2016,no registry name matches
"MCDONALD, VILLAGE OF",4,271893,2008-2018,no registry name matches
CITY OF SEVEN HILLS,4,270942,2005-2012,no registry name matches
"NEW STRAITSVILLE, VILLAGE OF",2,268582,2006-2017,no registry name matches
MARSHALLVILLE FIRE DEPARTMENT,1,266700,2007-2007,no registry name matches
GREEN TOWNSHIP VOLUNTEER FIRE DEPT.,3,265223,2007-2013,ambiguous: OH-73107; OH-50117
RICHLAND TOWNSHIP BD OF TRUSTEES,5,263168,2005-2022,no registry name matches
GENOA TOWNSHIP,2,262340,2009-2022,no registry name matches
GRAYSVILLE & COMMUNITY VOLUNTEER,1,262200,2009-2009,no registry name matches
BETHEL TWP. FIRE DEPARTMENT,4,262067,2005-2007,ambiguous: OH-12101; OH-55221
TRI COUNTY JOINT AMBULANCE DISTRICT,1,261608,2019-2019,no registry name matches
BARONS BUS INC,4,261560,2016-2021,no registry name matches
WASHINGTON TOWNSHIP MONTGOMERY COUN,1,260909,2019-2019,no registry name matches
PLEASANT TOWNSHIP,3,259322,2011-2021,no registry name matches
NORTHWEST HANCOCK JOINT FIRE DISTRICT,1,257857,2023-2023,no registry name matches
"ASHLAND, CITY OF",1,257386,2019-2019,no registry name matches
"AMBERLEY VILLAGE, VILLAGE OF",3,257357,2014-2021,no registry name matches
MORROW COUNTY FIREFIGHTERS,2,257273,2018-2019,no registry name matches
PROCTORVILLE COMMUNITY VOLUNTEER FIRE DE,2,256579,2005-2018,no registry name matches
DEVOLA VFD,2,254239,2010-2022,no registry name matches
PERRY TOWNSHIP VOLUNTEER FIRE DEPAR,1,253810,2016-2016,no registry name matches
DEGRAFF VOLUNTEER FIRE DEPARTMENT,2,253080,2005-2006,no registry name matches
"MIAMISBURG, OHIO FIRE DEPARTMENT",5,251711,2007-2011,no registry name matches
LIBERTY TOWNSHIP TRUSTEE,1,250162,2024-2024,no registry name matches
"COLDWATER, VILLAGE OF",3,250028,2008-2018,no registry name matches
"LAKEFRONT LINES, INC.",1,249492,2005-2005,no registry name matches
VILLAGE OF GLENDALE,2,249217,2015-2021,no registry name matches
HARTFORD TOWNSHIP TRUSTEES,4,245927,2007-2021,no registry name matches
GORHAM TOWNSHIP,1,245238,2024-2024,no registry name matches
PARIS TOWNSHIP,4,244948,2008-2015,no registry name matches
ALLEN TOWNSHIP,3,244385,2005-2021,no registry name matches
SCOTT TOWNSHIP FIRE HOUSE,2,244068,2006-2022,no registry name matches
HARRISON TOWNSHIP BOARD OF TRUSTEES,3,242393,2019-2020,no registry name matches
NAVARRE-BETHLEHEM JOINT FIRE DISTRICT,3,238641,2020-2022,no registry name matches
CRAIG BEACH VOLUNTEER FIRE DEPT INC,1,237500,2007-2007,no registry name matches
VILLAGE OF PAYNE,5,236647,2005-2018,no registry name matches
GRANGER FIRE AND RESCUE,2,235959,2006-2007,no registry name matches
MT HEALTHY CITY OF,4,234850,2005-2019,no registry name matches
PIERCE TOWNSHIP TRUSTEES,3,234375,2019-2024,no registry name matches
CITY OF HUDSON FIRE DEPARTMENT,3,233250,2019-2020,no registry name matches
WARREN TOWNSHIP,2,233249,2019-2024,no registry name matches
COLLEGE TOWNSHIP KNOX COUNTY,1,232965,2019-2019,no registry name matches
CITY OF HIGHLAND HEIGHTS,3,231812,2008-2023,no registry name matches
NEW ALEXANDRIA VOLUNTEER FIER DEPAR,4,230893,2006-2010,no registry name matches
"HIRAM, VILLAGE OF",5,230659,2007-2014,no registry name matches
FT. JENNINGS VOLUNTEER FIRE DEPARTMENT,2,230530,2008-2008,no registry name matches
ST. BERNARD FIRE DEPARTMENT,3,229634,2007-2013,no registry name matches
PERRY CONGRESS JOINT FIRE DISTRICT,2,227926,2020-2024,no registry name matches
SCIOTO VALLEY FIRE DEPARTMENT,3,227330,2019-2023,no registry name matches
BUTLER TOWNSHIP TRUSTEES,3,223007,2019-2021,no registry name matches
FORT JENNINGS VOL FIRE DEPT,3,222192,2014-2021,no registry name matches
"WELLSTON, CITY OF",3,221515,2007-2014,no registry name matches
APPLE CREEK/EAST UNION TOWNSHIP FIR,1,220558,2015-2015,no registry name matches
"TOLEDO HOSPITAL, THE",2,219554,2006-2012,no registry name matches
CITY OF FAIRLAWN,4,216773,2019-2024,no registry name matches
ORANGE VILLAGE,2,216405,2020-2024,no registry name matches
VILLAGE OF SOUTH ZANESVILLE,4,215745,2009-2020,no registry name matches
CITY OF BROOKVILLE,2,215619,2021-2023,no registry name matches
NORTHWEST FIRE AMBULANCE,2,215223,2019-2024,no registry name matches
Conneaut Port Authority,1,214500,2009-2009,no registry name matches
CITY OF BEDFORD HEIGHTS,2,213712,2020-2022,no registry name matches
MINERAL CITY VOLUNTEER FIRE DEPARTM,2,211657,2010-2010,no registry name matches
OHIO DEPARTMENT OF NATURAL,1,210000,2008-2008,no registry name matches
VILLAGE OF GOLF MANOR,4,209616,2005-2014,no registry name matches
MANCHESTER VILLAGE OF,1,209524,2023-2023,no registry name matches
VILLAGE OF NEW LONDON,2,209399,2006-2020,no registry name matches
CITY OF BOWLING GREEN,1,208862,2005-2005,no registry name matches
ATWATER TOWNSHIP,4,208213,2005-2016,no registry name matches
CROOKSVILLE VOLUNTEER FIRE DEPARTMENT,2,207053,2005-2007,no registry name matches
"CITY OF MARYSVILLE, OHIO",1,206364,2022-2022,no registry name matches
VILLAGE OF BARNESVILLE,1,205600,2022-2022,no registry name matches
FIRE DEPARTMENTS GOVERNMENT SAINT CLAIR,3,204034,2019-2024,no registry name matches
BARLOW VOLUNTEER FIRE DEPARTMENT IN,3,203278,2005-2009,no registry name matches
FLETCHER VOLUNTEER FIREMENS ASSOCIATION,1,202432,2020-2020,no registry name matches
BRACEVILLE TOWNSHIP OF,3,200013,2009-2016,no registry name matches
CITY OF UHRICHSVILLE,2,199028,2020-2020,no registry name matches
"WASHINGTON, COUNTY OF",1,199000,2013-2013,no registry name matches
SHERRODSVILLE EMS,3,197597,2012-2013,no registry name matches
NEWCOMERSTOWN FIRE DEPARTMENT,3,197450,2009-2012,no registry name matches
SALT CREEK TOWNSHIP TRUSTEES,1,195714,2023-2023,no registry name matches
EJFED,3,194442,2020-2024,no registry name matches
"LIBERTY TOWNSHIP, HARDIN COUNTY",1,193910,2023-2023,no registry name matches
CITY OF WEST CARROLLTON,2,193431,2019-2020,no registry name matches
WEST POINT VOLUNTEER FIRE DEPARTMEN,2,193289,2009-2015,no registry name matches
BEACHWOOD CITY OF,1,193021,2009-2009,no registry name matches
"WEST LIBERTY, VILLAGE OF PUBLIC AFFAIRS",1,192670,2024-2024,no registry name matches
VILLAGE OF EVENDALE,4,192163,2017-2021,no registry name matches
LEXINGTON TOWNSHIP,2,191561,2009-2018,no registry name matches
SOUTHEST OHIO EMS DISTRICT,1,190400,2007-2007,no registry name matches
TRUMBULL TOWNSHIP FIRE DEPARTMENT,4,190198,2011-2015,no registry name matches
DEERFIELD TOWNSHIP FIRE RESCUE,2,190029,2005-2007,no registry name matches
BAKERSVILLE VOLUNTEER FIRE DEPARTME,3,188808,2007-2016,no registry name matches
MALTA-MCCONNELSVILLE FIRE DEPT,2,188732,2009-2018,no registry name matches
HOMER VOLUNTEER FIRE DEPA,1,188524,2022-2022,no registry name matches
BCFR YOUTH PREVENTION,1,188122,2021-2021,no registry name matches
SUFFIELD TOWNSHIP FIRE DEPARTMENT,2,187887,2005-2008,no registry name matches
THE SPIRIT OF 76 VOLUNTEER FIRE DEPARTME,1,187723,2024-2024,no registry name matches
CUYAHOGA COUNTY PUBLIC SAFETY & JUS,2,186428,2013-2015,no registry name matches
NORTHFIELD VILLAGE FIRE STATION,3,186324,2019-2021,no registry name matches
COLUMBIA TOWNSHIP,5,184225,2009-2017,no registry name matches
VILLAGE OF KELLEYS ISLAND,2,183567,2012-2023,no registry name matches
CITY OF AVON POLICE DEPARTMENT,2,183327,2020-2020,no registry name matches
BERLIN TOWNSHIP FIRE DEPARTMENT,2,182096,2006-2009,ambiguous: OH-22101; OH-21103; OH-50105
MADISON TOWNSHIP OF,1,181952,2019-2019,no registry name matches
T E M S JOINT AMBULANCE DISTRICT,3,181760,2005-2014,no registry name matches
DEFIANCE CITY OF INC,4,179146,2011-2015,no registry name matches
WOLFHURST CENTRAL VOLUNTEER FIRE DEPARTM,3,178769,2019-2024,no registry name matches
UNION CITY VILLAGE OF INC,1,178618,2017-2017,no registry name matches
CITY OF BROADVIEW HEIGHTS,4,178157,2020-2024,no registry name matches
VILLAGE OF NEW CONCORD,1,177152,2020-2020,no registry name matches
CITY OF LAKEWOOD,1,177033,2020-2020,no registry name matches
FIRELANDS AMBULANCE SERVICE,2,176998,2020-2023,no registry name matches
INVINCIBLE FIRE CO INC,1,176762,2019-2019,no registry name matches
CITY OF ROCKY RIVER,1,175686,2020-2020,no registry name matches
ARCHBOLD GERMAN TOWNSHIP FIRE DEPAR,2,175290,2006-2009,no registry name matches
RUSHCREEK TOWNSHIP,3,173840,2005-2016,no registry name matches
CADIZ VOLUNTEER FIRE DEPARTMENT,2,173729,2008-2012,no registry name matches
CITY OF GIRARD INC,4,173722,2020-2023,no registry name matches
ERIE TWP TRUSTEES,1,173251,2022-2022,no registry name matches
MECCA TOWNSHIP VOLUNTEER FIRE DEPARTMENT,3,172754,2010-2024,no registry name matches
CITY OF KENTON FIRE DEPARTMENT,3,172651,2010-2013,no registry name matches
"SYRACUSE, VILLAGE OF",4,172144,2008-2016,no registry name matches
MIDDLEPORT VOLUNTEER FIRE DEPARTMEN,2,172071,2006-2014,no registry name matches
BLADENSBURG JOINT FIRE DISTRICT,2,171842,2009-2016,no registry name matches
UNITED BLACK FIREFIGHTERS OF AKRON INC..,1,171200,2009-2009,no registry name matches
HOMEWORTH VOLUNTEER FIRE CO.,2,169737,2007-2008,no registry name matches
BAINBRIDGE TOWNSHIP GOVERNMENT OFFICE,2,168381,2019-2024,no registry name matches
VILLAGE OF HAMDEN,4,166941,2006-2016,no registry name matches
INDIAN LAKE EMS DIST,1,166422,2022-2022,no registry name matches
BENTON TOWNSHIP VOLUNTEER FIRE DEPA,1,166250,2011-2011,no registry name matches
GROVER HILL VOLUNTEER FIRE DEPARTME,5,165783,2005-2009,no registry name matches
HUDSON VILLAGE CITY OF,3,165749,2009-2017,no registry name matches
LA JOINT FIRE DISTRICT,1,165371,2012-2012,no registry name matches
GREAT TRAIL FIRE DISTRICT,1,164572,2014-2014,no registry name matches
CITY OF NEW CARLISLE,1,164190,2021-2021,no registry name matches
WELLINGTON COMMUNITY FIRE DISTRICT,4,163921,2005-2009,no registry name matches
VANGUARDS OF CLEVELAND,1,163249,2006-2006,no registry name matches
GARRETTSVILLE-FREEDOM-NELSON JOINT,1,162674,2019-2019,no registry name matches
METAMORA-AMBOY V. F. D.,1,162551,2007-2007,no registry name matches
VILLAGE OF OTTAWA,3,162365,2020-2024,no registry name matches
VILLAGE OF LOCKLAND,2,161339,2018-2021,no registry name matches
CHAGRIN FALLS SUBURBAN VOLUNTEER FIREM..,1,161149,2007-2007,no registry name matches
VILLAGE OF VALLEY VIEW,1,160775,2020-2020,no registry name matches
CITY OF OXFORD,2,160506,2008-2010,no registry name matches
YORK TOWNSHIP VOLUNTEER FIRE DEPARTMENT,4,159986,2005-2023,ambiguous: OH-05206; OH-79143
RICHLAND TOWNSHIP VOLUNTEER FIRE DE,2,159792,2006-2007,no registry name matches
CITY OF TIPP CITY,1,159714,2020-2020,no registry name matches
HOLMES TOWNSHIP TRUSTEE,2,159624,2015-2023,no registry name matches
SHEFFIELD TOWNSHIP,2,158548,2020-2021,no registry name matches
BRIMFIELD TOWNSHIP OF,1,158359,2019-2019,no registry name matches
OLIVE TWP FIRE DEPARTMENT,1,158049,2019-2019,no registry name matches
GARRETTSVILLE FREEDOM NELSON,3,157438,2006-2013,no registry name matches
SHARON TOWNSHIP FIREFIGHTERS ASSOC,2,156850,2006-2016,no registry name matches
SHADYSIDE FIRE DEPT.,2,156667,2009-2010,no registry name matches
VILLAGE OF BELOIT,3,155873,2015-2020,no registry name matches
WEST ELKTON GRATIS TOWNSHIP FIRE DE,2,155403,2007-2009,no registry name matches
ST. VINCENT MERCY MEDICAL CENTER,2,155356,2006-2010,no registry name matches
ORANGE TOWNSHIP,1,155337,2016-2016,no registry name matches
SCIOTO TOWNSHIP OF,2,155286,2019-2021,no registry name matches
VILLAGE OF GRATIS,1,155119,2020-2020,no registry name matches
VILLIAGE OF HIGHLAND HILLS,1,154660,2008-2008,no registry name matches
WILLIAMSBURG TOWNSHIP TRUSTEE,2,154652,2014-2024,no registry name matches
TOWNSHIP OF SUFFIELD,1,154454,2022-2022,no registry name matches
SCIPIO TOWNSHIP,1,154281,2020-2020,no registry name matches
HINCKLEY TOWNSHIP,1,153910,2020-2020,no registry name matches
REILY VOLUNTEER FIRE DEPARTMENT & EMS,1,153352,2021-2021,no registry name matches
LITCHFIELD FIRE & RESCUE,1,153334,2015-2015,no registry name matches
RISINGSUN VILLAGE OF,1,153237,2022-2022,no registry name matches
ROCKFORD COMMUNITY FIRE CO,1,153229,2020-2020,no registry name matches
IRONTON FIRE DEPARTMENT,3,153018,2008-2010,no registry name matches
VIENNA TOWNSHIP TRUSTEES,2,152633,2019-2020,no registry name matches
DESHLER/WESTHOPE VILLAGE FIRE DEPT.,1,152000,2008-2008,no registry name matches
BRADNER VILLAGE OF,2,151109,2020-2024,no registry name matches
HIGHLANDTOWN VOLUNTEER FIRE DEPARTMENT I,1,150086,2022-2022,no registry name matches
HOWLAND TOWNSHIP TRUSTEES,2,148840,2020-2023,no registry name matches
CITY OF BEREA FIRE DEPARTMENT,2,148819,2011-2012,no registry name matches
"LORDSTOWN, VILLAGE OF",2,148819,2019-2020,no registry name matches
BETHEL TWP MIAMI CO,1,148810,2021-2021,no registry name matches
VILLAGE OF WEST LAFAYETTE,1,148580,2012-2012,no registry name matches
GLENFORD HOPEWELL TOWNSHIP FIRE DEP,1,148574,2017-2017,no registry name matches
SOUTH RICHLAND TOWNSHIP VOLUNTEER,1,148549,2016-2016,no registry name matches
CLEVELAND CUYAHOGA COUNTY PORT AUTH,2,148480,2014-2016,no registry name matches
NILE TOWNSHIP TRUSTEE,1,148476,2020-2020,no registry name matches
HARRISON TOWNSHIP TRUSTEES,2,148409,2006-2014,no registry name matches
MARYSVILLE DIVISION OF FIRE,5,148175,2005-2009,no registry name matches
ADA-LIBERTY TOWNSHIP FIRE DEPATMENT,2,148019,2005-2007,no registry name matches
RIDGEVILLE TOWNSHIP HALL,1,147268,2015-2015,no registry name matches
DUNHAM TOWNSHIP VOLUNTEER DEPT. INC.,1,147040,2006-2006,no registry name matches
"HARPERSFIELD ,TOWNSHIP OF",1,146667,2015-2015,no registry name matches
MACOCHEE JOINT AMBULANCE DISTRICT,1,146506,2013-2013,no registry name matches
GASPER TWP TRUSTEES,2,144779,2020-2021,no registry name matches
GENEVA ON THE LAKE VILLAGE OF,2,144762,2020-2024,no registry name matches
CITY OF AMHERST,3,144715,2019-2020,no registry name matches
MIDDLETON TOWNSHIP TRUSTEES,2,144700,2009-2021,no registry name matches
VILLAGE OF RIPLEY,2,144425,2017-2021,no registry name matches
PAULDING COMMUNITY FIRE ASSOCIATION,2,144314,2006-2008,no registry name matches
CITY OF WADSWORTH,4,143552,2009-2020,no registry name matches
MORRAL-SALT ROCK TOWNSHIP VOLUNTEER FIRE,3,143416,2018-2021,no registry name matches
BERLIN TWP. VOL. FIRE DEPT.,2,143390,2005-2007,no registry name matches
WILKESVILLE TOWNSHIP TRUST,2,143379,2009-2014,no registry name matches
FREDERICKSBURG VOLUNTEER FIRE DEPARTMENT,1,143069,2006-2006,no registry name matches
CAIRO MONROE TWP VOLUNTEER FIRE DEP,2,142949,2007-2009,no registry name matches
HARTSGROVE TOWNSHIP,1,142857,2022-2022,no registry name matches
SOUTHERN HIGHLAND JOINT FIRE DISTRICT,2,142643,2019-2020,no registry name matches
CITY OF PORTSMOUTH,3,142468,2005-2018,no registry name matches
NORTHFIELD CENTER FIRE DEPARTMENT,2,142452,2006-2007,no registry name matches
CLARINGTON VOLUNTEER FIRE DEPARTMEN,3,141824,2013-2015,no registry name matches
WOODSFIELD VILLAGE OF,2,141688,2010-2021,no registry name matches
PITT TOWNSHIP,1,141429,2022-2022,no registry name matches
FIRE DEPARTMENTS,1,141219,2020-2020,no registry name matches
FAYETTE #2 VOLUNTEER FIRE DEPARTMENT,1,140830,2005-2005,no registry name matches
CORN CITY REGIONAL FIRE DISTRICT,1,140369,2024-2024,no registry name matches
GERMAN TOWNSHIP,1,140210,2020-2020,no registry name matches
"CONVOY, VILLAGE OF",1,139980,2017-2017,no registry name matches
GROTON TOWNSHIP,3,139825,2006-2016,no registry name matches
CITY OF NORTH OLMSTED OHIO,1,139582,2020-2020,no registry name matches
CITY OF MUNROE FALLS,4,138756,2019-2024,no registry name matches
"HAMILTON, COUNTY OF",1,138460,2007-2007,no registry name matches
GEORGETOWN VILLAGE OF,2,137059,2007-2022,no registry name matches
NEWTON TWP.VOL. FIRE DEPT.,2,136984,2005-2007,no registry name matches
CASSTOWN OHIO COMMUNITY VOLUNTEER FIRE C,1,136905,2022-2022,no registry name matches
NORTHERN HARDIN CO FIRE DISTRI,1,136714,2020-2020,no registry name matches
VILLAGE OF GLANDORF,1,136667,2024-2024,no registry name matches
JOINT FIRE DISTRICT PLEASANT HILL-N,1,136452,2019-2019,no registry name matches
SEVEN MILE VOLUNTEER FIRE DEPARTMENT,1,135850,2007-2007,no registry name matches
CEDARVILLE TWP TRUSTEES,1,135673,2021-2021,no registry name matches
GIRARD CITY OF INC,2,135581,2017-2019,no registry name matches
"ANSONIA, VILLAGE OF",1,135191,2017-2017,no registry name matches
CITY OF HAMILTON,1,135164,2022-2022,no registry name matches
MORGAN HOSE COMPANY VOLUNTEER FIRE,2,135155,2010-2015,no registry name matches
COMMUNITY EMS DISTRICT,3,134809,2017-2022,no registry name matches
GREENVILLE TOWNSHIP,1,134323,2021-2021,no registry name matches
POMEROY FIRE DEPARTMENT,3,134044,2019-2020,no registry name matches
MEDINA TOWNSHIP FIRE DEPARTMENT,1,132896,2012-2012,no registry name matches
"LOUDONVILLE, VILLAGE OF",2,132667,2005-2017,no registry name matches
PIKE TOWNSHIP FIRE & EMS,2,131527,2009-2011,no registry name matches
VILLAGE OF ORWELL,1,131386,2018-2018,no registry name matches
"WEST LIBERTY, VILLAGE OF PUBLIC AFF",1,131195,2009-2009,no registry name matches
BRUNSWICK HILLS TOWNSHIP,1,130155,2018-2018,no registry name matches
HANOVER TWP FIRE VOLUNTEER FIRE ASSOCIAT,1,129135,2019-2019,no registry name matches
"KANSAS COMMUNITY VFD, INC.",1,128822,2009-2009,no registry name matches
VILLAGE OF CARDINGTON,1,128803,2016-2016,no registry name matches
GREEN TOWNSHIP,1,128675,2022-2022,no registry name matches
MUSKINGUM VALLEY CHAPTER AMERICAN R,2,128422,2006-2008,no registry name matches
FRANKLIN TOWNSHIP VOLUNTEER FIRE DE,6,128341,2005-2012,no registry name matches
MONTPELIER VILLAGE OF,1,128238,2019-2019,no registry name matches
BARTON VOLUNTEER FIRE DEP,2,127777,2020-2022,no registry name matches
CITY OF GARFIELD HEIGHTS,2,126733,2020-2020,no registry name matches
VILLAGE OF NEW WASHINGTON,1,126667,2021-2021,no registry name matches
ROSSBURG VILLAGE,2,126522,2008-2014,no registry name matches
SHAWNEE VILLAGE MAYORS OFFICE,1,125850,2019-2019,no registry name matches
NEW JASPER TOWNSHIP OF,3,125840,2019-2023,no registry name matches
GREEN SPRINGS FIRE DEPARTMENT,1,125714,2020-2020,no registry name matches
"BETHLEHEM FIRE & RESCUE, INC.",1,125305,2006-2006,no registry name matches
DEER PARK SLVERTON JOINT FIRE DEPAR,2,124908,2011-2013,no registry name matches
CITY OF STRUTHERS,1,123867,2022-2022,no registry name matches
Miller Boat Line Inc,2,122946,2010-2011,no registry name matches
SMITHFIELD VOLUNTEER FIRE DEPARTMEN,2,122043,2011-2015,no registry name matches
BERGHOLZ EMS,1,122021,2020-2020,no registry name matches
BETHEL TOWNSHIP FIRE DEPARTMENT,2,121702,2009-2011,ambiguous: OH-12101; OH-55221
WEST UNION VOLUNTEER LIFE SQUAD,1,121295,2005-2005,no registry name matches
MEIGS COUNTY EMERGENCY MEDICAL SERV,2,121113,2009-2015,no registry name matches
RICHFIELD TOWNSHIP,1,120952,2023-2023,no registry name matches
LEETONIA VILLAGE OF,1,120500,2019-2019,no registry name matches
FLUSHING VOL FIRE DEPT,1,120413,2005-2005,no registry name matches
HILLNDALE VOLUNTEER FIRE DEPARTMEMT,2,120163,2008-2009,no registry name matches
SCIOTO TOWNSHIP VOLUNTEER FIRE AND,2,120105,2019-2020,no registry name matches
WHETSTONE FIRE DEPARTMENT,1,119336,2024-2024,no registry name matches
SIDNEY DEPT OF FIRE & EMERGENCY SERVICES,2,119309,2005-2009,no registry name matches
FOX TOWNSHIP VOLUNTEER FIRE DEPARTM,4,118785,2005-2014,no registry name matches
TRI DIVISION AMBULANCE,2,118747,2016-2022,no registry name matches
BLOOMINGDALE VOLUNTEER FIRE DEPT.,1,117776,2005-2005,no registry name matches
MASSIE TOWNSHIP VOLUNTEER FIRE DEPT,2,117682,2006-2007,no registry name matches
LEWISBURG FIRE DEPARTMENT,1,117620,2009-2009,no registry name matches
KINGSVILLE TOWNSHIP FIRE DEPARTMENT,1,116476,2019-2019,no registry name matches
WASHINGTON TOWNSHIP FIRE DEPARTMENT,1,116381,2020-2020,ambiguous: OH-57007; OH-48119; OH-70131
"City of Cleveland, Dept of Pub Saf",1,116013,2012-2012,no registry name matches
MADISON TOWNSHIP - GIBSONBURG VOLUN,1,115029,2015-2015,no registry name matches
UNION TOWNSHIP LIFE SQUAD INC,3,114579,2014-2016,no registry name matches
RUSSELLVILLE VILLAGE OF,1,114560,2016-2016,no registry name matches
"ARCANUM, VILLAGE OF",1,114190,2020-2020,no registry name matches
UNION TOWNSHIP-MT CORY VOLUNTEER FD,2,113966,2006-2008,no registry name matches
PERRY TOWNSHIP,1,113714,2018-2018,no registry name matches
MESOPOTAMIA FIRE DEPARTMENT,3,111792,2005-2008,no registry name matches
COUNTY OF UNION,1,111689,2020-2020,no registry name matches
"WOOSTER, TOWNSHIP OF",2,111038,2019-2020,no registry name matches
CHRISTIANSBURG FIRE CO.,1,110295,2012-2012,no registry name matches
BEAVER FIRE DEPARTMENT,1,108096,2015-2015,no registry name matches
CRANE TOUNSHIP CECIL FIRE DEPARTMENT,1,107752,2005-2005,no registry name matches
CASSTOWN COMMUNITY VOLUNTEER FIRE,2,107689,2005-2010,no registry name matches
SPRINGFIELD TOWNSHIP POLICE DEPARTMENT,1,107329,2023-2023,no registry name matches
FREDERICKTOWN COMMUNITY FIRE DISTRI,2,106984,2020-2020,no registry name matches
GREEN PERRYSVILLE JOINT FIRE DISTRI,1,106540,2017-2017,no registry name matches
CITY OF TWINSBURG,2,106061,2020-2020,no registry name matches
EAST SPARTA FIRE VOLUNTEER,1,105038,2024-2024,no registry name matches
WINONA VOLUNTEER FIRE DEPARTMENT,1,104511,2017-2017,no registry name matches
WAYNE VILLAGE INC,1,104426,2019-2019,no registry name matches
WOODMERE VILLAGE,3,104303,2007-2015,no registry name matches
IBERIA VOLUNTEER FIRE CO. INC.,1,104081,2009-2009,no registry name matches
BPM JOINT FIRE DISTRICT,2,103755,2006-2008,no registry name matches
SOUTH WEBSTER/BLOOM TOWNSHIP FIRE DEPT,3,103460,2005-2009,no registry name matches
NAVARRE VILLAGE FIRE DEPARTMENT,2,103097,2005-2006,no registry name matches
ELDORADO FIRE DEPARTMENT,2,102882,2005-2016,no registry name matches
CITY OF LONDON OHIO,1,102862,2022-2022,no registry name matches
CAMDEN SOMERS TOWNSHIP FIRE,1,102857,2019-2019,no registry name matches
CITY OF FREMONT,2,102649,2011-2023,no registry name matches
LORAIN COUNTY OF,1,102385,2012-2012,no registry name matches
MADISON TOWNSHIP FIRE AND E M S,1,102381,2020-2020,no registry name matches
ANDOVER VOLUNTEER FIRE DEPARTMENT I,1,100381,2016-2016,no registry name matches
Indiana & Ohio Railway Co,1,100000,2009-2009,no registry name matches
Wheeling and Lake Erie Railway Corp,1,100000,2010-2010,no registry name matches
NEW KNOXVILLE FIRE DEPARTMENT,2,99474,2006-2007,no registry name matches
FLORENCE TOWNSHIP GOVERNMENT OFFICE,1,98097,2020-2020,no registry name matches
FORT MORROW CONSOLIDATED FIRE DISTR,1,98048,2020-2020,no registry name matches
HARTVILLE VOLUNTEER FIRE DEPARTMENT INC,2,97758,2020-2021,no registry name matches
COLUMBUS GROVE FIRE DEPARTMENT,2,97405,2007-2008,no registry name matches
NORTH STAR COMMUNITY FIRE COMPANY.,1,97365,2012-2012,no registry name matches
RILEY TWP VOLUNTEER FIRE DEPT.,1,97142,2009-2009,no registry name matches
BRUSHCREEK LIFE SQUAD,1,96900,2007-2007,no registry name matches
GALLIA COUNTY OF,1,96793,2014-2014,no registry name matches
CROSWELL BUS LINE DBA,1,95520,2009-2009,no registry name matches
CLARK TOWNSHIP,1,94476,2023-2023,no registry name matches
ANTWERP VILLAGE OF,1,93762,2019-2019,no registry name matches
CONTINENTAL FIRE DEPARTMENT,2,93585,2005-2006,no registry name matches
GREEN CAMP TOWNSHIP FIRE DEPARTMENT,1,92095,2019-2019,no registry name matches
"CONTINENTAL, VILLAGE OF",1,91619,2020-2020,no registry name matches
NORTHWESTERN JOINT FIRE DISTRICT,1,90856,2023-2023,no registry name matches
LEBANON DIVISION OF FIRE,1,90000,2009-2009,no registry name matches
PLEASANT TOWNSHIP TRUSTEES,1,89762,2017-2017,no registry name matches
HARRISON TOWNSHIP VOLUNTEER FIRE DE,1,89524,2017-2017,no registry name matches
CIRCLEVILLE,1,87874,2005-2005,no registry name matches
ROME TOWNSHIP VOLUNTEER FIRE DEPART,1,85966,2015-2015,no registry name matches
CITY OF JACKSON FIRE DEPARTMENT,2,85842,2005-2008,no registry name matches
GNADENHUTTEN FIRE DEPARTMENT,1,85378,2005-2005,no registry name matches
GUSTAVUS VOLUNTEER FIRE DEPT.,1,85378,2015-2015,no registry name matches
CLEVES VOLUNTEER FIRE DEPARTMENT,1,84952,2007-2007,no registry name matches
BRISTOL TOWNSHIP,3,84663,2019-2021,no registry name matches
WESTON VOL. FIRE DEPARTMENT,2,84339,2005-2006,no registry name matches
F.C.V. VOLUNTEER FIRE DEPT.,1,84070,2009-2009,no registry name matches
GIBSONBURG VOLUNTEER FIRE DEPARTMEN,1,83838,2005-2005,no registry name matches
PERRY TOWNSHIP TRUSTEES,2,83547,2019-2020,no registry name matches
SALTCREEK-TARLTON V.F.D.,1,83205,2007-2007,no registry name matches
OTTAWA HILLS FIRE & RESCUE DEPARTMENT,2,83034,2005-2008,no registry name matches
CITY OF NORTH COLLEGE HILL,3,82641,2020-2021,no registry name matches
NEW BAVARIA VOLUNTEER FIRE DEPARTMENT,1,82080,2008-2008,no registry name matches
SPRINGFIELD TWP STRYKER VILLAGE VFD,2,81795,2008-2008,no registry name matches
STONE CREEK VOLUNTEER FIRE DEPARTME,1,81603,2010-2010,no registry name matches
SOUTHWEST MERCER FIRE DISTRICT,2,81128,2019-2020,no registry name matches
COSHOCTON COUNTY EMS,1,81000,2010-2010,no registry name matches
PALMYRA TOWNSHIP,1,80675,2019-2019,no registry name matches
SILVERCREEK TOWNSHIP FIRE/EMS DEPAR,1,80665,2010-2010,no registry name matches
SOUTHINGTON VOLUNTEER FIRE DEPARTME,1,80275,2012-2012,no registry name matches
MARSEILLES VOLUNTEER FIRE DEPARTMEN,2,80068,2005-2008,no registry name matches
CITY OF RITTMAN,1,79792,2020-2020,no registry name matches
WEST MILLGROVE FIRE DEPARTMENT,1,79533,2008-2008,no registry name matches
LAKE MICHIGAN CARFERRY INC,1,77935,2024-2024,no registry name matches
SALEM TOWNSHIP VOLUNTEER FIRE DEPARTMENT,1,77308,2010-2010,ambiguous: OH-84229; OH-53227
"RAVENNA, CITY OF",2,76838,2020-2024,no registry name matches
BROOKSIDE FIRE DEPARTMENT,3,76720,2020-2023,no registry name matches
YOUNGSTOWN METROPOLITAN HOUSING AUTH,1,74800,2007-2007,no registry name matches
MINERVA VOLUNTEER FIRE DEPARTMENT,1,74457,2009-2009,no registry name matches
ERIE COUNTY FIREFIGHTERS ASSOCIATIO,4,74050,2006-2010,no registry name matches
NEW BREMEN ADMINISTRATOR'S OFC,1,73876,2021-2021,no registry name matches
VILLAGE OF FAIRPORT,2,73568,2019-2021,no registry name matches
DALLAS TOWNSHIP TRUSTEES,1,72381,2021-2021,no registry name matches
CHILDREN'S HOSPITAL MEDICAL CENTER OF ..,1,72306,2005-2005,no registry name matches
WASHINGTON TOWNSHIP VFD INC,2,72166,2005-2006,ambiguous: OH-73025; OH-76133; OH-37111; OH-32001; OH-34129; OH-87133
CITY OF MAYFIELD HEIGHTS,2,71294,2020-2024,no registry name matches
VILLAGE OF NEW STRAITSVILLE MUNICIPAL OF,1,71048,2022-2022,no registry name matches
"WEST POINT VOLUNTEER FIRE DEPARTMENT, IN",1,70997,2024-2024,no registry name matches
FRANKLIN TWP FIRE DEPARTMENT,1,70944,2008-2008,ambiguous: OH-70107; OH-83105; OH-25107
BLANCHESTER COMMUNITY SERVICE ASSOC,1,70513,2012-2012,no registry name matches
CHATHAM FIRE AND RESCUE,1,69960,2008-2008,no registry name matches
CHAGRIN FALLS VILLAGE OF,1,69280,2018-2018,no registry name matches
PRECIOUS CARGO TRANSPORTATION INC,3,69031,2016-2019,no registry name matches
MADISON TOWNSHIP KUNKLE VFD,1,68965,2009-2009,no registry name matches
CITY OF CLYDE,1,68869,2014-2014,no registry name matches
CITY OF TRENTON,1,68571,2024-2024,no registry name matches
GLALNDORF VILLAGE OF,1,67285,2015-2015,no registry name matches
ALLEN TOWNSHIP FIRE DEPARTMENT,1,66690,2009-2009,ambiguous: OH-32021; OH-80215
COMMUNITY AMBULANCE SERVICE,1,66546,2005-2005,no registry name matches
HIGHLAND CO N JOINT FIRE *INACTIVE,1,66500,2006-2006,no registry name matches
WAYNE TOWNSHIP FIRE DEPT.,1,66348,2007-2007,ambiguous: OH-09125; OH-04151; OH-83121
JACKSON CENTER FIRE DEPARTMENT,1,66048,2008-2008,no registry name matches
VILLAGE OF OWENSVILLE,1,65816,2005-2005,no registry name matches
ANSONIA FIRE DEPARTMENT,1,65747,2005-2005,no registry name matches
PERRY TWP FIRE DEPARTMENT,1,65563,2006-2006,ambiguous: OH-46119; OH-60135; OH-76121; OH-02215
FAIRFIELD TOWNSHIP,1,65211,2020-2020,no registry name matches
CARDINAL TRANSPORTATION LTD,1,64646,2025-2025,no registry name matches
CASSELL STATION VOLUNTEER FIREMEN'S ASSO,1,63663,2020-2020,no registry name matches
BLANCHARD DUNKIRK WASHINGTON JOINT,2,63175,2011-2012,no registry name matches
CITY OF WHITEHALL,1,62665,2024-2024,no registry name matches
THE SPIRIT OF 76 VOLUNTEER FIRE DEP,1,62302,2009-2009,no registry name matches
NORTHWEST AMBULANCE,1,62182,2023-2023,no registry name matches
"SWANTON, VILLAGE OF",1,61905,2021-2021,no registry name matches
ADAMS TOWNSHIP-ROSEWOOD FIRE,1,61844,2009-2009,no registry name matches
FRAZEYSBURG FIRE DEPARTMENT,1,61750,2007-2007,no registry name matches
NEGLEY VOL. FIRE DEPT. ASSOC. INC.,1,61725,2008-2008,no registry name matches
CITY OF DELAWARE FIRE DIVISION,1,60728,2009-2009,no registry name matches
FAIRFIELD TOWNSHIP VOLUNTEER FIRE D,1,60429,2012-2012,no registry name matches
COMMUNITY AMBULANCE INC.,2,59639,2005-2007,no registry name matches
RACINE VILLAGE OF,2,59381,2020-2023,no registry name matches
BRIDGEPORT VOLUNTEER FIRE DEPARTMEN,1,56681,2008-2008,no registry name matches
LIBERTY/WASHINGTON TOWNSHIP FIRE DE,1,56223,2009-2009,no registry name matches
BRANSON CORPORATION THE,1,55347,2010-2010,no registry name matches
"MT. ORAB FIRE DEPARTMENT, INC",1,55347,2009-2009,no registry name matches
CITY OF CORTLAND,1,54762,2019-2019,no registry name matches
MID COUNTY JOINT AMBULANCE DISTRICT,1,54759,2020-2020,no registry name matches
HARMONY TOWNSHIP FIRE AND EMS,2,54316,2007-2008,no registry name matches
BEACH CITY FIRE DEPARTMENT,2,54294,2005-2006,no registry name matches
FEARING TWP VOLUNTEER FIRE DEPARTME,1,53334,2015-2015,no registry name matches
UNION TOWNSHIP-SOUTH LEBANON FIRE,1,52957,2005-2005,no registry name matches
UTICA VOLUNTEER FIRE DEPARTMENT,1,52781,2010-2010,no registry name matches
NORTHFIELD CENTER SAGAMORE HILLS FI,1,52656,2012-2012,no registry name matches
COLUMBIANA EMERGENCY MEDICAL SERVIC,1,52470,2007-2007,no registry name matches
CITY OF KENTON,1,52381,2021-2021,no registry name matches
BELMONT VOLUNTEER FIRE DEPARTMENT,1,52207,2020-2020,no registry name matches
CLINTON TWP VOLUNTEER FIRE DEPARTME,1,51905,2019-2019,no registry name matches
MILTON TOWNSHIP JOINT FIRE DISTRICT,2,51827,2006-2009,no registry name matches
"WEST FARMINGTON, VILLAGE OF",1,51344,2014-2014,no registry name matches
CLEARCREEK TOWNSHIP VOLUNTEER FIRE,1,50439,2013-2013,no registry name matches
DELAWARE TWP TRUSTEES,1,50000,2022-2022,no registry name matches
LIVERPOOL TOWNSHIP,1,49310,2019-2019,no registry name matches
MONROE TOWNSHIP,1,49048,2020-2020,no registry name matches
KILLBUCK TOWNSHIP FIRE & EMS,1,48213,2006-2006,no registry name matches
GREENFORD CHRISTIAN CHURCH/BIG REACH C..,1,48000,2009-2009,no registry name matches
CHATTANOOGA RUR FIRE PROTEC ASSN,1,47905,2019-2019,no registry name matches
JACKSON CITY OF,1,47848,2015-2015,no registry name matches
SPENCER TWP FIRE-RESCUE,3,47753,2008-2009,no registry name matches
BAINBRIDGE VOLUNTEER FIRE DEPARTMENT,1,47500,2005-2005,no registry name matches
SOMERVILLE FIRE DEPARTMENT,1,47299,2007-2007,no registry name matches
WOODVILLE TWP. FIRE DEPT,1,47075,2010-2010,no registry name matches
TORONTO CITY OF,1,47050,2017-2017,no registry name matches
CITY OF KENT,2,46771,2020-2023,no registry name matches
WASHINGTON TOWNSHIP FD RICHLAND COU,1,46727,2007-2007,no registry name matches
WELLSVILLE VOLUNTEER FIRE DEPARTMEN,2,46360,2007-2012,no registry name matches
N.B.S. JOINT FIRE DISTRICT,1,45952,2008-2008,no registry name matches
BLOOMDALE FIRE DEPARTMENT & RESCUE,1,45946,2007-2007,no registry name matches
SEBRING CITY OF,1,45342,2019-2019,no registry name matches
"LUCAS, COUNTY OF",3,44652,2013-2015,no registry name matches
WINDHAM VOLUNTEER FIRE DEPARTMENT J,1,44100,2013-2013,no registry name matches
FRANKLIN TOWNSHIP DIVISION OF FIRE,1,43292,2012-2012,no registry name matches
UNIOPOLIS VOLUNTEER FIRE COMPANY,1,43029,2020-2020,no registry name matches
DELAWARE TWP. FIRE & RESCUE,1,41705,2008-2008,no registry name matches
JACKSON METROPOLITAN HOUSING AUTHOR,1,41230,2011-2011,no registry name matches
LIBERTY TWP. VOL. FIRE DEPT.,1,40884,2008-2008,ambiguous: OH-71119; OH-19115; OH-40200
AUGLAIZE TOWNSHIP VOLUNTEER FIRE DEPT,1,40850,2005-2005,no registry name matches
"NELSONVILLE, CITY OF",1,40514,2020-2020,no registry name matches
UNION TOWNSHIP RAWSON,1,39946,2005-2005,no registry name matches
MAUMEE FIRE DIVISION,1,39802,2005-2005,no registry name matches
MADISON COUNTY EMERGENCY MEDICAL DIST,1,39379,2005-2005,no registry name matches
COAL GROVE VOL. FIRE DEPARTMENT,1,39259,2006-2006,no registry name matches
CHESTERLAND FIRE RESCUE INC.,1,38570,2005-2005,no registry name matches
LYNDHURST CITY OF (INC),1,38095,2020-2020,no registry name matches
WASHINGTON TOWNSHIP FD-RICHLAND CNT,1,38000,2008-2008,no registry name matches
LAKESIDE VOLUNTEER FIRE DEPARTMENT,1,37556,2006-2006,no registry name matches
GLENCOE VOLUNTEER FIRE DEPARTMENT,1,37509,2006-2006,no registry name matches
SPRINGFIELD TOWNSHIP FD #3 ROCKWAY,1,36428,2012-2012,no registry name matches
LEESBURG TOWNSHIP,1,36248,2020-2020,no registry name matches
DILLONVALE VOLUNTEER FIREDEPARTMENT,1,36195,2006-2006,no registry name matches
ROSS TOWNSHIP,1,36190,2020-2020,no registry name matches
MONROE TOWNSHIP FIRE DEPARTMENT,1,35739,2024-2024,ambiguous: OH-42121; OH-35011; OH-45019
MARATHON PETROLEUM COMPANY LP,2,35568,2021-2022,no registry name matches
"HARPERSFIELD, TOWNSHIP OF",1,34837,2005-2005,no registry name matches
ERIE TOWNSHIP VOL. FIRE DEPT.,1,34486,2005-2005,no registry name matches
HUSTEAD EMS,1,32946,2006-2006,no registry name matches
CUYAHOGA COUNTY OF,2,32076,2016-2018,no registry name matches
LORE CITY VOLUNTEER FIRE DEPARTMENT,1,31096,2009-2009,no registry name matches
VILLAGE OF HUNTSVILLE,2,30530,2020-2021,no registry name matches
SMITH TOWNSHIP VOLUNTEER FIRE DEPARTMENT,1,30400,2005-2005,no registry name matches
CITY OF MEDINA FIRE DEPARTMENT,1,30145,2010-2010,no registry name matches
CLINTON TWP. FIRE DEPT.,1,29469,2005-2005,ambiguous: OH-25105; OH-85109
FREDERICKTOWN COMMUNITY JOINT AMBULANC..,1,28063,2006-2006,no registry name matches
ROBERTSVILLE VFD,1,27170,2008-2008,no registry name matches
VILLAGE OF OTTOVILLE,1,25497,2023-2023,no registry name matches
GARFIELD LOGISTICS INC,1,25416,2021-2021,no registry name matches
WAYNE TOWNSHIP VOLUNTEER  FIRE DEPA,1,25381,2015-2015,no registry name matches
BETTSVILLE FIRE DEPT,1,25108,2005-2005,no registry name matches
"WEST MILTON FIRE COMPANY, INC",2,25045,2005-2007,no registry name matches
"RIO GRANDE, VILLAGE OF",1,24545,2017-2017,no registry name matches
UTICA EMERGENCY SQUAD,1,24387,2006-2006,no registry name matches
PORTER TOWNSHIP RESCUE SQUAD,1,23559,2006-2006,no registry name matches
FAIRVIEW & COMMUNITY VOLUNTEER FIRE,1,23410,2010-2010,no registry name matches
GRAFTON TOWNSHIP,1,22555,2015-2015,no registry name matches
"BROOK PARK, CITY OF",1,22324,2020-2020,no registry name matches
STERLING JOINT AMBULANCE DISTRICT,1,21799,2005-2005,no registry name matches
RICHMOND VOLUNTEER FIRE CO INC,1,20799,2019-2019,no registry name matches
UPPER TOWNSHIP VOLUNTEER FIRE DEPAR,1,19823,2013-2013,no registry name matches
CITY OF DAYTON FIRE DEPARTMENT,1,18968,2010-2010,no registry name matches
CYGNET FIRE DEPARTMENT,1,18620,2009-2009,no registry name matches
VILLAGE OF MCARTHUR,1,16762,2024-2024,no registry name matches
ST. MARYS PROFESSIONAL FIREFIGHTERS,1,16625,2008-2008,no registry name matches
GREENVILLE TOWNSHIP RESCUE,1,16596,2006-2006,no registry name matches
RITTMAN EMS,1,14286,2014-2014,no registry name matches
VILLAGE OF WATERVILLE,1,11035,2014-2014,no registry name matches
OTWAY FIRE DEPARTMENT,1,10617,2012-2012,no registry name matches
VILLAGE OF RICHFIELD,1,10450,2006-2006,no registry name matches
WHARTON-RICHLAND VOLUNTEER FIRE DEPT,1,8399,2007-2007,no registry name matches
FRANKLIN TOWNSHIP FIRE DEPARTMENT,1,7629,2016-2016,ambiguous: OH-70107; OH-83105; OH-25107
PERRY PORT SALEM RESCUE,1,5819,2005-2005,no registry name matches
WESTERN HOLMES FIRE DISTRICT,1,4130,2020-2020,no registry name matches
CITY OF DOVER,1,3452,2020-2020,no registry name matches
MOUNT PLEASANT VOLUNTEER FIRE CO,1,3111,2020-2020,no registry name matches
"BRUNSWICK, CITY OF",1,2964,2020-2020,no registry name matches
"GREENHILLS VOLUNTEER FIRE DEPT., INC.",1,2593,2005-2005,no registry name matches
DALLAS TOWNSHIP VOL FIRE,1,2068,2021-2021,no registry name matches
LITTLE MIAMI JOINT FIRE & RESCUE DI,1,784,2020-2020,no registry name matches
CITY OF EAST PALESTINE,1,0,2020-2020,no registry name matches
OBERLIN CITY OF,1,0,2020-2020,no registry name matches
VILLAGE OF BYESVILLE,1,0,2020-2020,no registry name matches
VILLAGE OF NEW RICHMOND,1,0,2020-2020,no registry name matches
WESTFIELD FIRE & RESCUE DISTRICT,1,0,2020-2020,no registry name matches
