pattern,payee_names,note
 cc [a-z][a-z .'\-]*$,yes,Card purchase followed by the cardholder's name ('MERCHANT cc NAME')
-\s?[a-z]+ [a-z]\.? [a-z'\-]+$,yes,Card purchase followed by the cardholder's name with middle initial ('MERCHANT-FIRST M LAST')
"^\d+,\s*[a-z]+,\s*wd",yes,"Payroll line: employee number, user ID, pay code ('9759, AthertoJ, WDHRLYNE...')"
"^(?!.*\b(inc|llc|lc|corp|co|ltd|the|supplies|supply|services?|memberships?|subscriptions?|maintenance|miscellaneous|misc|units?|equipment|prevention|training|office|fire|ems|oxygen|black|white|orange|blue|red|yellow|large|small|medium|adult|pediatric|default)\b)[a-z'\-]+( ii| iii| jr)?, ?[a-z'\-]+( [a-z]\.?| [a-z'\-]+)?\s*$",yes,"The whole text is 'Last, First' (a person's name)"
"(^|[:#]\s?|\s-\s?|\d-\s?|\d\s)(?!(supplies|supply|equipment|maintenance|miscellaneous|misc|training|office|fire|ems|inc|llc|lc|corp|co|ltd|the|services?|memberships?|subscriptions?|units?|prevention|oxygen|black|white|orange|blue|red|yellow|large|small|medium|adult|pediatric|default|parts|repairs?|tools?|materials|fees|dues|books|food|meals|travel|hotel|lodging|fuel|oil|gas|power|water|sewer|phones?|internet|uniforms?|ppe|boots|gloves|helmets?|stations?|engines?|trucks?|wildland|education|conferences?|seminars?|meetings?|charges|expenses?|operations|operating|general|admin|administration|equip|vehicles?|buildings?|grounds|janitorial|cleaning|computers?|software|hardware|medical|emt|aemt|paramedic|first|aid|safety|health|telephone|cell|radios?|pagers?|communications?|insurance|postage|printing|copies|rentals?|lease|contracts?|professional|technical|legal|audit|accounting|bank|banking|interest|principal|capital|projects?|grants?|wages|benefits|payroll|taxes|tax|labor|freight|shipping|credit|refund|invoice|services)\b)[a-z'\-]{2,}, ?(?!(supplies|supply|equipment|maintenance|miscellaneous|misc|training|office|fire|ems|inc|llc|lc|corp|co|ltd|the|services?|memberships?|subscriptions?|units?|prevention|oxygen|black|white|orange|blue|red|yellow|large|small|medium|adult|pediatric|default|parts|repairs?|tools?|materials|fees|dues|books|food|meals|travel|hotel|lodging|fuel|oil|gas|power|water|sewer|phones?|internet|uniforms?|ppe|boots|gloves|helmets?|stations?|engines?|trucks?|wildland|education|conferences?|seminars?|meetings?|charges|expenses?|operations|operating|general|admin|administration|equip|vehicles?|buildings?|grounds|janitorial|cleaning|computers?|software|hardware|medical|emt|aemt|paramedic|first|aid|safety|health|telephone|cell|radios?|pagers?|communications?|insurance|postage|printing|copies|rentals?|lease|contracts?|professional|technical|legal|audit|accounting|bank|banking|interest|principal|capital|projects?|grants?|wages|benefits|payroll|taxes|tax|labor|freight|shipping|credit|refund|invoice|services)\b)[a-z'\-]{2,}( [a-z]\.?)?(\s+-|-\s+|\s*\[|\s*$)",yes,"'Last, First' at the start or after a colon, dash or number ('HILL, CAROLYN - helmet shields', 'Voided Check:Sneddon, Russ')"
\bstudent id\b,yes,Student ID with a student's name
(?<!non-)(?<!non )\breimb,yes,Reimbursement to a person
\b(per diem|mileage)\b,yes,Per diem or mileage paid to a person
"\b(travel request|tr) ?#? ?\d{3,}",yes,Travel request number; these lines name the traveler
misc payments?-[a-z],yes,Payment to a person ('-Misc Payments-NAME-')
\b(stipends?|compensation|payouts?|buyouts?|wages?|salary|severance|bonus)\b,yes,Pay to a person
"\bemp(loyee)?\.? ?(#|no\.?|id)? ?\d{3,}",yes,Employee number
overpa(y|id|yment)|\brefund,yes,Refund or overpayment to a person (patient or customer)
\bpatient (refund|acct|account|name|#|no\b)|\bpt\.? (refund|acct|account|name)|\bmrn\b|medical record|\bdob\b|date of birth|\bssn\b|social security (no|#|number),yes,"Patient or identity data (1 current hit, a records-request note; kept as a guard)"
physicals?\b|drug (test|screen)|vaccin|x-?rays?\b|hep(atitis)? b\b|\btb test|tetanus|pulmonary|psych|counsel|\beap\b|fit(ness)? for duty|workers?'? ?comp|injur|\bclaims?\b|\btherap(y|ies)\b|\bwellness check,no,"Medical tests, injuries and claims of individual employees"
\b(retire\w*|farewell|memorial|funeral|condolences?|sympathy|baby|wedding|birthday|bday|get well|in memory|in honor|celebration of life)\b,no,"Events for one person (retirement, funeral, birthday)"
\bfor (ff|firefighter|capt\.?|captain|chief|bc|batt(alion)? chief|lt\.?|lieutenant|new hire|recruit|probie|mr\.?|mrs\.?|ms\.?|dr\.?) [a-z],yes,"'for Chief NAME', 'for new hire NAME'"
;\s*ff [a-z],yes,'; FF NAME' after an item
"\((for )?[a-z.' \-]+( and |, ?|/)[a-z.' \-]+(,? (and )?[a-z.' \-]+)*\)",without business words,"Names listed in parentheses ('(Seth Drew and Kevin Patterson)', '(harper/mcclure)')"
"\((?!(small|medium|large|x-?large|xx?xl|xl|s-x+l|sm|md|lg|tall|set|blue|yellow|silver|gold|white|black|red|tan|navy|green|orange|gray|grey|ems|fire|admin|health|fica|deleted|estimate|combined|reverse|total|general|city|station|state|national|other|returned|gathered|prorated|standard|narcan|tylenol|versed|saline|toradol|adrenalin|epinephrine|shots|subsistence|rit|rae|cam|fmp|djvfd|dvfd|rmev|orem|grants|non-grant|prevention|firefighter|kit|each|ea|pair|pairs|box|case|pack|bag|roll|new|used|credit|repair|labor|freight|shipping|tax|misc|ambulance|wildland|engine|truck|brush|medic|captain|chief|engineer|admin|sandy fire|fire hall|fire admin|gold cross|additional|uca|rsl|[a-d]-shift|inspectors|p-card|pcard|training not included|non rechargeable|non-rechargeable|obstetrics kit|incorrect hotel|correct hotel|vehicle allowance)\))[a-z][a-z.'\-]{2,}\)(\s*(-.*)?$|[^\s\w(])",without business words,"A single surname in parentheses at the end or before punctuation ('(sanchez)', '(t.lloyd)', '(S.HALL)ACCOUNT')"
"\b(shields?|names?|tags?|plaques?|gifts?|awards?|cards?|cakes?|flowers|boots|gloves|helmets?|jackets?|coats?|uniforms?|badges?|axe|lodging|hotel|airfare|flight|registration|tuition|exam|books?|meal ticket|laptop|printer|turnouts?|physical|certificates?|recert\w*) for (?!(the|new|station|stations|sta|engine|engines|truck|trucks|fire|ems|all|crew|crews|staff|dept|department|district|city|use|training|class|course|academy|our|a|an|each|every|both|various|several|admin|administration|recruits?|probies|volunteers|firefighters|employees|members|kids|children|students|public|community|event|events|open|annual|monthly|fy|year|search|rescue|wildland|brush|ambulance|medic|medics|office|chiefs|officers|captains|engineers|paramedics|emts|personnel|team|teams|state|county|utah|national|nfpa|apparatus|vehicle|vehicles|helmets?|boots|gear|turnouts|reserve|reserves|explorers|cert|eoc|dispatch|admin|front|back|replacement|spare|backup|testing|test|tests|inspection|repair|repairs|service|sale|resale|shipping|freight|return|credit|deposit|payment|period|month|week|day|days|quarter|fiscal|calendar|budget|grant|program|programs|project|projects|conference|meeting|meetings|party|dinner|lunch|breakfast|holiday|christmas|thanksgiving|halloween|banquet|awards?|ceremony|graduation|kitchen|bathroom|bay|bays|garage|building|buildings|room|rooms|lobby|shop|winter|summer|spring|fall|mountain|deployment|mitigation|uca|nfa|eso|fdic|commendation|mayor|babysitting|jic|keys|investigator|medical|hazmat|swift|water|heavy|technical|structure|structural|ems|uniform|uniforms|recognition|appreciation|retirees)\b)[a-z]{3,}",yes,'<item> for NAME' ('helmet shields for weeks and gardner')
"\b[a-z'\-]{2,}, [a-z'\-]{2,}( - [a-z]+)? \d{2}-\d{2}-\d{4}",yes,"Uniform allowance lists 'Last, First 01-05-2026 $144.00'"
"\b(ppd|ccd|indn|ind name)\b|x{4,}",yes,Bank transfer text that can carry an account holder's name
\b\d{3}[.\-]\d{3}[.\-]\d{4}\b,without business words,Phone number
[\w.+-]+@[\w-]+\.[\w.]+,yes,Email address
"^(?!(mr|mrs|ms|dr|st|mt|ft|lt|misc|no)\b)[a-z'\-]{2,}(\| ?|\. )(?!(inc|llc|lc|corp|co|ltd|deposit|governors?)\b)[a-z'\-]{2,}( [a-z]\.?)?$",yes,The whole text is 'Last| First' or 'Last. First'
"^(?!.*\b(doors|frames|hardware|software|upgrades?|maintena\w*|travel|education|trainin\w*|materials|supplies|liability|auto|equipment|gas|oil|grease|ambulances|new|refurbish\w*|fees|dues|books|parts|repairs?)\b)[a-z'\-]{2,}, ?[a-z'\-]{2,} ?(&|and|/) ?(?!(associates|partners|sons|brothers|company)\b)[a-z'\-]{2,}$",yes,"A couple or pair: 'Last, First & First', 'Last, First/First'"
"^[a-z]\.[a-z'\-]{2,}-\d{4}-|\bbusiness card [a-z]-[a-z]+$",yes,Cardholder name with card digits ('S.Name-1234-US Bank')
"^(petty )?cash ?/ ?(?!change\b)[a-z]+ [a-z'\-]{2,}$|\b(care of|c/o|attn:?)\s+(?!(accounts?|acct|business|fiscal|trust|teleflex|peac|att|billing|finance|payroll)\b)[a-z]+\.? [a-z'\-]{2,}",yes,"Petty cash custodian, care-of or attention name"
"(?<!and/)\bor [a-z]+ [a-z'\-]{2,}$",yes,A person named as the alternate payee ('SALON OR FIRST LAST')
^corporate traditions - [a-z],yes,Award or gift recipient named after the vendor
\b(uvu?|student|school) ?id\b,yes,Student ID number with a student's name
\brmbu?rs\b|\bmove benefits\b,yes,"Reimbursement or moving benefit to an employee ('RMBRS', 'Move Benefits')"
"\s-\s[a-z]\.? (?!(shift|side|series|frame|team|unit)\b)[a-z'\-]{3,}(\s-\s.*)?$",no,Initial and surname after a dash ('EVALUATION - A NAME')
"\b(program|school|course|courde|class|tuition)\b[^,;]{0,25}\bfor (?!(the|new|all|our|a|an|each|staff|crews?|stations?|fire|ems|dept|department|district|city|county|state|recruits|volunteers|firefighters|employees|members|personnel|paramedics|emts|students|candidates|admin|ppe|gear|equipment|supplies|\d))[a-z]",no,A course or program for a named person ('Paramedic Program for NAME')
\b(school|class|course|tuition|certification) for [a-z]+( (and|&) [a-z]+)?\s*$,no,School or class for one or two first names
"\b[a-z'\-]{3,} \d{1,2}(\.5)?w?, ?[a-z. '\-]{3,} \d{1,2}(\.5)?w?\b",no,"Size lists by name ('Name 9, Name 10.5')"
"\bfor [a-z'\-]{3,}, ?[a-z'\-]{3,}(, ?(and )?[a-z'\-]{3,})+\.?$",no,Item for a list of surnames
"^(?!.*\b(books?|subscriptions?|memberships?|dues|supplies|equipment|maintenance|repairs?|parts|tools|fuel|oil|gas|tires|uniforms|training|travel|meetings|meals|lodging|education|fees|services?|materials|furnishings|gloves|boots|hoods|helmets|coats|pants|shirts|hats|radios|pagers)\b)[a-z'\-]{3,}, ?[a-z'\-]{3,}, ?(and |& )?[a-z'\-]{3,}\.?$",no,The whole text is a list of three surnames
\b(program|school|academy|class|course)\s*/\s*[a-z]+/[a-z]+,no,Program for names separated by slashes
"(helped|made by|approved by|pick ?up by)\s+[a-z]{3,}|\bon [a-z]+'?s? card\b",no,Who placed or approved an order
"\b(ff|captain|capt\.?|chief|lt\.?)\s+(?!(xd|officers?|gloves|boots|hoods?|badges?|helmets?)\b)[a-z]{3,}\s*(-|$)",no,"Rank and name ('FF NAME - ...', 'Approved Chief NAME')"
"\bfor [a-z]\. ?[a-z'\-]{3,}\b",no,Item for an initial and surname ('for J. NAME')
\b(aanor|aaron|adam|adeline|adrian|adriana|adrianne|adrienne|alaina|alan|albert|alberto|alex|alexander|alexis|alexxia|alfred|alicia|alisha|allen|allison|alyssa|amadeo|amanda|amber|amie|ammon|amy|andrea|andrew|andy|angela|angelina|angie|anica|anna|annalee|anne|anthony|antonio|anya|arik|ashley|ashton|aubrey|austen|austin|axeton|bailey|barbara|barrett|barry|bart|becky|ben|benjamin|beth|bethany|betty|bevan|blaine|blake|bob|bobby|bonnie|boyd|brad|braden|bradley|brady|brage|brandi|brandon|brandt|brandy|branon|braxton|brayan|brayden|breadon|breanna|brenda|brendan|brenden|brendon|brennan|brent|brenton|brett|bretton|breyer|brian|brianna|bridgette|brion|britni|britt|brittany|brittney|brodie|brody|brooke|bruce|bryan|bryce|brynn|bryson|byron|caitlin|caleb|calvin|cameron|cami|camie|camron|caralee|carey|cari|carl|carlee|carlos|carly|carol|caroline|carolyn|carrie|carson|carsten|carter|casey|cassandra|cassie|catherine|cerra|chad|chalyce|charles|charlie|chas|chase|chazz|chelia|chelsea|cheryl|chris|christian|christina|christine|christopher|christy|cierra|cindi|cindy|clair|clayton|cleo|clifford|clifton|clint|clinton|coby|codee|cody|colbi|colby|cole|coleman|colin|colleen|colten|colton|conner|connor|conrad|corbin|corey|cortney|cory|courtney|craig|cristina|curtis|cyndi|cynthia|dairus|dakota|dale|dallas|dallin|dallon|dalten|dalton|dan|dana|daniel|danielle|danisha|danny|daphne|darin|darla|darold|darrell|darren|daryl|dave|david|dawson|dean|debbie|deborah|deedra|dein|deklyn|denise|dennis|derek|derrek|desilee|devan|devin|devon|dewayne|diana|diane|dillon|dolan|dominick|don|donald|donna|donovan|doreen|dorel|dorian|doris|doug|douglas|drew|duane|dustin|dwane|dylan|eben|eddie|edgar|edward|efrain|elana|elbert|eleasha|elizabeth|emil|emily|emma|enrique|ephraim|eran|eric|erica|erick|erik|erin|errol|ethan|evan|fortino|fred|freddy|gabriel|garett|garrett|garrick|gary|gavin|george|gerald|glenn|gordon|graig|grayson|greg|gregory|guido|haden|hadley|hailey|haley|hannah|hans|harrison|hayden|heather|heidi|hilary|hillarie|holly|hunter|hyrum|ian|ignacio|isaac|isac|isaiah|ivan|jace|jack|jackie|jackson|jacob|jaden|jaime|jake|jakobi|james|jamie|jamison|jane|janessa|janet|jared|jarett|jarin|jarom|jaron|jarred|jason|javier|jaxon|jaxson|jay|jayden|jeanie|jeannie|jeff|jeffery|jeffrey|jen|jenna|jennica|jennifer|jens|jeramy|jeremiah|jeremy|jerris|jerry|jerusha|jesse|jessica|jesus|jexsen|jill|jim|jimmy|joan|jobe|jodi|jody|joe|joel|john|johnathan|johnny|jolene|jon|jonah|jonathan|jonathon|jonny|jordan|jorden|jorge|jorgen|jose|joseph|josette|josh|joshua|josue|juan|judy|julia|julie|julius|justan|justin|kacie|kade|kadee|kaden|kadin|kagen|kaine|kaleb|kallen|kamryn|kandice|karen|kari|kason|kassie|kate|katherine|kathy|katie|katy|kay|kayden|kayla|kaylee|kaylynn|kaysen|kealiihookoa|keanu|keith|kellee|kellie|kelly|kelton|ken|kendall|kendrick|kenlee|kennedy|kenneth|kenny|kent|kenya|keri|kerry|kevin|kieran|kim|kimberly|kirby|kirk|kloie|kobe|koby|kody|kole|kolton|konley|korbin|korry|kris|krista|kristen|kristin|kristopher|kurt|kurtis|kyla|kyle|kyler|kylie|kyson|lacie|lamar|lance|landon|lanette|larene|larry|laura|lauren|laurianne|lawrence|leif|leonard|leroy|lesley|leslie|levi|libby|lillian|lillyth|lincoln|linda|lindsay|lisa|lloyd|logan|loni|lori|lorin|louis|luke|lyndsie|lynette|lynn|madalyn|madison|magen|maisa|mandice|mandy|maravillas|marc|marcee|marcus|margaret|maria|marissa|mark|marlena|marshall|martina|marty|marvin|mary|mason|mateo|matt|matthew|maureen|maxmilian|mckennon|mckenzie|meagan|megan|meghan|melinda|melissa|melvin|merideth|merik|micah|michael|michelle|mike|mikey|mikle|mindy|mitch|mitchel|mitchell|monty|morgan|nakoa|nalie|nancy|nanette|nasheena|natalie|nataliee|natanael|nate|nathan|nathanael|nathaniel|nedra|neil|nicci|nicholas|nichole|nick|nicole|niko|noah|nolan|oakley|oliver|olivia|oria|orie|oscar|owen|pamela|patrick|patti|paul|paula|payton|penny|peter|phil|philip|poamo|presley|preston|quincy|rachel|randa|randall|randy|rashelle|raynel|reagan|rebeca|rebecca|regan|remus|rex|rextin|rezn|rhett|rhextin|ricardo|richard|rick|ricki|ricky|rilee|ritchie|rob|robert|robin|rodger|rodney|roger|romeo|ron|ronald|roney|royce|ruben|rudy|rulon|russ|russel|russell|rustin|ryan|ryker|rylan|rylee|ryley|rylie|sadie|sam|samantha|samuel|sandra|sara|sarah|scott|sean|sergio|seth|seyer|shane|shannon|shantel|sharlene|sharlyn|shaun|shawn|shawna|shaylen|shaylynn|shayna|shelbi|shelby|shem|sheri|shiloh|shirlene|shyann|shyanne|simon|skyler|spencer|spenser|stacey|stacy|stephanie|stephen|stetson|steve|steven|stewart|stoney|stuart|susan|sushiel|sydnee|sydney|taeya|talsan|talya|tamara|tanner|tara|taylor|taysen|ted|tegan|teisha|teran|teresa|terrelle|terri|terry|theresa|theron|thomas|tifanny|tiffany|tiffine|tiimothy|tim|timothy|todd|tom|tony|torrian|traci|tracy|trae|travis|trefley|trent|trenton|trever|trevor|tricia|trina|tristan|troy|tya|tyfanie|tylane|tyler|tylor|tyrail|tyson|valerie|valorie|vanette|verle|vernon|veronica|victoria|viliami|vince|wade|waydanne|waylon|wayne|wendell|wendi|wendle|wes|wesley|weston|whitney|willard|william|wrex|wyatt|wylee|xander|yohany|zach|zachary|zachery|zackary|zeb|zoee|zyle)'s (new |old )?(office|computer|laptop|desk|truck|car|phone|ipad|\d{4})\b,no,"A first name's office, computer or vehicle"
", ?(aanor|aaron|adam|adeline|adrian|adriana|adrianne|adrienne|alaina|alan|albert|alberto|alex|alexander|alexis|alexxia|alfred|alicia|alisha|allen|allison|alyssa|amadeo|amanda|amber|amie|ammon|amy|andrea|andrew|andy|angela|angelina|angie|anica|anna|annalee|anne|anthony|antonio|anya|arik|ashley|ashton|aubrey|austen|austin|axeton|bailey|barbara|barrett|barry|bart|becky|ben|benjamin|beth|bethany|betty|bevan|blaine|blake|bob|bobby|bonnie|boyd|brad|braden|bradley|brady|brage|brandi|brandon|brandt|brandy|branon|braxton|brayan|brayden|breadon|breanna|brenda|brendan|brenden|brendon|brennan|brent|brenton|brett|bretton|breyer|brian|brianna|bridgette|brion|britni|britt|brittany|brittney|brodie|brody|brooke|bruce|bryan|bryce|brynn|bryson|byron|caitlin|caleb|calvin|cameron|cami|camie|camron|caralee|carey|cari|carl|carlee|carlos|carly|carol|caroline|carolyn|carrie|carson|carsten|carter|casey|cassandra|cassie|catherine|cerra|chad|chalyce|charles|charlie|chas|chase|chazz|chelia|chelsea|cheryl|chris|christian|christina|christine|christopher|christy|cierra|cindi|cindy|clair|clayton|cleo|clifford|clifton|clint|clinton|coby|codee|cody|colbi|colby|cole|coleman|colin|colleen|colten|colton|conner|connor|conrad|corbin|corey|cortney|cory|courtney|craig|cristina|curtis|cyndi|cynthia|dairus|dakota|dale|dallas|dallin|dallon|dalten|dalton|dan|dana|daniel|danielle|danisha|danny|daphne|darin|darla|darold|darrell|darren|daryl|dave|david|dawson|dean|debbie|deborah|deedra|dein|deklyn|denise|dennis|derek|derrek|desilee|devan|devin|devon|dewayne|diana|diane|dillon|dolan|dominick|don|donald|donna|donovan|doreen|dorel|dorian|doris|doug|douglas|drew|duane|dustin|dwane|dylan|eben|eddie|edgar|edward|efrain|elana|elbert|eleasha|elizabeth|emil|emily|emma|enrique|ephraim|eran|eric|erica|erick|erik|erin|errol|ethan|evan|fortino|fred|freddy|gabriel|garett|garrett|garrick|gary|gavin|george|gerald|glenn|gordon|graig|grayson|greg|gregory|guido|haden|hadley|hailey|haley|hannah|hans|harrison|hayden|heather|heidi|hilary|hillarie|holly|hunter|hyrum|ian|ignacio|isaac|isac|isaiah|ivan|jace|jack|jackie|jackson|jacob|jaden|jaime|jake|jakobi|james|jamie|jamison|jane|janessa|janet|jared|jarett|jarin|jarom|jaron|jarred|jason|javier|jaxon|jaxson|jay|jayden|jeanie|jeannie|jeff|jeffery|jeffrey|jen|jenna|jennica|jennifer|jens|jeramy|jeremiah|jeremy|jerris|jerry|jerusha|jesse|jessica|jesus|jexsen|jill|jim|jimmy|joan|jobe|jodi|jody|joe|joel|john|johnathan|johnny|jolene|jon|jonah|jonathan|jonathon|jonny|jordan|jorden|jorge|jorgen|jose|joseph|josette|josh|joshua|josue|juan|judy|julia|julie|julius|justan|justin|kacie|kade|kadee|kaden|kadin|kagen|kaine|kaleb|kallen|kamryn|kandice|karen|kari|kason|kassie|kate|katherine|kathy|katie|katy|kay|kayden|kayla|kaylee|kaylynn|kaysen|kealiihookoa|keanu|keith|kellee|kellie|kelly|kelton|ken|kendall|kendrick|kenlee|kennedy|kenneth|kenny|kent|kenya|keri|kerry|kevin|kieran|kim|kimberly|kirby|kirk|kloie|kobe|koby|kody|kole|kolton|konley|korbin|korry|kris|krista|kristen|kristin|kristopher|kurt|kurtis|kyla|kyle|kyler|kylie|kyson|lacie|lamar|lance|landon|lanette|larene|larry|laura|lauren|laurianne|lawrence|leif|leonard|leroy|lesley|leslie|levi|libby|lillian|lillyth|lincoln|linda|lindsay|lisa|lloyd|logan|loni|lori|lorin|louis|luke|lyndsie|lynette|lynn|madalyn|madison|magen|maisa|mandice|mandy|maravillas|marc|marcee|marcus|margaret|maria|marissa|mark|marlena|marshall|martina|marty|marvin|mary|mason|mateo|matt|matthew|maureen|maxmilian|mckennon|mckenzie|meagan|megan|meghan|melinda|melissa|melvin|merideth|merik|micah|michael|michelle|mike|mikey|mikle|mindy|mitch|mitchel|mitchell|monty|morgan|nakoa|nalie|nancy|nanette|nasheena|natalie|nataliee|natanael|nate|nathan|nathanael|nathaniel|nedra|neil|nicci|nicholas|nichole|nick|nicole|niko|noah|nolan|oakley|oliver|olivia|oria|orie|oscar|owen|pamela|patrick|patti|paul|paula|payton|penny|peter|phil|philip|poamo|presley|preston|quincy|rachel|randa|randall|randy|rashelle|raynel|reagan|rebeca|rebecca|regan|remus|rex|rextin|rezn|rhett|rhextin|ricardo|richard|rick|ricki|ricky|rilee|ritchie|rob|robert|robin|rodger|rodney|roger|romeo|ron|ronald|roney|royce|ruben|rudy|rulon|russ|russel|russell|rustin|ryan|ryker|rylan|rylee|ryley|rylie|sadie|sam|samantha|samuel|sandra|sara|sarah|scott|sean|sergio|seth|seyer|shane|shannon|shantel|sharlene|sharlyn|shaun|shawn|shawna|shaylen|shaylynn|shayna|shelbi|shelby|shem|sheri|shiloh|shirlene|shyann|shyanne|simon|skyler|spencer|spenser|stacey|stacy|stephanie|stephen|stetson|steve|steven|stewart|stoney|stuart|susan|sushiel|sydnee|sydney|taeya|talsan|talya|tamara|tanner|tara|taylor|taysen|ted|tegan|teisha|teran|teresa|terrelle|terri|terry|theresa|theron|thomas|tifanny|tiffany|tiffine|tiimothy|tim|timothy|todd|tom|tony|torrian|traci|tracy|trae|travis|trefley|trent|trenton|trever|trevor|tricia|trina|tristan|troy|tya|tyfanie|tylane|tyler|tylor|tyrail|tyson|valerie|valorie|vanette|verle|vernon|veronica|victoria|viliami|vince|wade|waydanne|waylon|wayne|wendell|wendi|wendle|wes|wesley|weston|whitney|willard|william|wrex|wyatt|wylee|xander|yohany|zach|zachary|zachery|zackary|zeb|zoee|zyle)\.?$",no,A first name at the end after a comma
\b(ownsbey|jarvis|bridgers|orullian)\b|txs-026002 - (?!replacement)|\bjaime fire admin\b,no,Staff names on assigned devices and orders
"\b(acct|account)\.? ?(#|no\.?)? ?\d{6,}",no,The agency's utility or phone account number
\b[a-z]+/[a-z]+ parcel\b,no,Land parcel named after its owners
/[a-z]\. [a-z'\-]+-treasurer\b|\batt: [a-z]\.[a-z]\. [a-z]+,no,Named officer or contact of another organization
"\(dr\.? [a-z]{3,}\)|\bdirector,? dr\.? [a-z]{3,}",no,A named doctor ('MEDICAL DIRECTOR DR. NAME')
"\bstallion service [a-z]{1,2} [a-z]+/",no,A vendor's staff member named in the description
"\b(aanor|aaron|adam|adeline|adrian|adriana|adrianne|adrienne|alaina|alan|albert|alberto|alex|alexander|alexis|alexxia|alfred|alicia|alisha|allen|allison|alyssa|amadeo|amanda|amber|amie|ammon|amy|andrea|andrew|andy|angela|angelina|angie|anica|anna|annalee|anne|anthony|antonio|anya|arik|ashley|ashton|aubrey|austen|austin|axeton|bailey|barbara|barrett|barry|bart|becky|ben|benjamin|beth|bethany|betty|bevan|blaine|blake|bob|bobby|bonnie|boyd|brad|braden|bradley|brady|brage|brandi|brandon|brandt|brandy|branon|braxton|brayan|brayden|breadon|breanna|brenda|brendan|brenden|brendon|brennan|brent|brenton|brett|bretton|breyer|brian|brianna|bridgette|brion|britni|britt|brittany|brittney|brodie|brody|brooke|bruce|bryan|bryce|brynn|bryson|byron|caitlin|caleb|calvin|cameron|cami|camie|camron|caralee|carey|cari|carl|carlee|carlos|carly|carol|caroline|carolyn|carrie|carson|carsten|carter|casey|cassandra|cassie|catherine|cerra|chad|chalyce|charles|charlie|chas|chase|chazz|chelia|chelsea|cheryl|chris|christian|christina|christine|christopher|christy|cierra|cindi|cindy|clair|clayton|cleo|clifford|clifton|clint|clinton|coby|codee|cody|colbi|colby|cole|coleman|colin|colleen|colten|colton|conner|connor|conrad|corbin|corey|cortney|cory|courtney|craig|cristina|curtis|cyndi|cynthia|dairus|dakota|dale|dallas|dallin|dallon|dalten|dalton|dan|dana|daniel|danielle|danisha|danny|daphne|darin|darla|darold|darrell|darren|daryl|dave|david|dawson|dean|debbie|deborah|deedra|dein|deklyn|denise|dennis|derek|derrek|derrick|desilee|devan|devin|devon|dewayne|diana|diane|dillon|dolan|dominick|don|donald|donna|donovan|doreen|dorel|dorian|doris|doug|douglas|drew|duane|dustin|dwane|dylan|eben|eddie|edgar|edward|efrain|elana|elbert|eleasha|elizabeth|emil|emily|emma|enrique|ephraim|eran|eric|erica|erick|erik|erin|errol|ethan|evan|fortino|fred|freddy|gabriel|garett|garrett|garrick|gary|gavin|george|gerald|glenn|gordon|graig|grayson|greg|gregory|guido|haden|hadley|hailey|haley|hannah|hans|harrison|hayden|heather|heidi|hilary|hillarie|holly|hunter|hyrum|ian|ignacio|isaac|isac|isaiah|ivan|jace|jack|jackie|jackson|jacob|jaden|jaime|jake|jakobi|james|jamie|jamison|janae|jane|janessa|janet|jared|jarett|jarin|jarom|jaron|jarred|jason|javier|jaxon|jaxson|jay|jayden|jeanie|jeannie|jeff|jeffery|jeffrey|jen|jenna|jennica|jennifer|jens|jeramy|jeremiah|jeremy|jerris|jerry|jerusha|jesse|jessica|jesus|jexsen|jill|jim|jimmy|joan|jobe|jodi|jody|joe|joel|john|johnathan|johnny|jolene|jon|jonah|jonathan|jonathon|jonny|jordan|jorden|jorge|jorgen|jose|joseph|josette|josh|joshua|josue|juan|judy|julia|julie|julius|justan|justin|kacie|kade|kadee|kaden|kadin|kagen|kaine|kaleb|kallen|kamryn|kandice|karen|kari|kasi|kason|kassie|kate|katherine|kathy|katie|katy|kay|kayden|kayla|kaylee|kaylynn|kaysen|kealiihookoa|keanu|keith|kellee|kellie|kelly|kelton|ken|kendall|kendrick|kenlee|kennedy|kenneth|kenny|kent|kenya|keri|kerry|kevin|kieran|kim|kimberly|kirby|kirk|kloie|kobe|koby|kody|kole|kolton|konley|korbin|korry|kris|krista|kristen|kristin|kristopher|kurt|kurtis|kyla|kyle|kyler|kylie|kyson|lacie|lamar|lance|landon|lanette|larene|larry|laura|lauren|laurianne|lawrence|leif|leonard|leroy|lesley|leslie|levi|libby|lillian|lillyth|lincoln|linda|lindsay|lisa|lloyd|logan|loni|lori|lorin|louis|luke|lyndsie|lynette|lynn|madalyn|madison|magen|maisa|mandice|mandy|maravillas|marc|marcee|marcus|margaret|maria|marissa|mark|marlena|marshall|martina|marty|marvin|mary|mason|mateo|matt|matthew|maureen|maxmilian|mckennon|mckenzie|meagan|megan|meghan|melanie|melinda|melissa|melvin|merideth|merik|micah|michael|michelle|mike|mikey|mikle|mindy|mitch|mitchel|mitchell|monty|morgan|nakoa|nalie|nancy|nanette|nasheena|natalie|nataliee|natanael|nate|nathan|nathanael|nathaniel|nedra|neil|nicci|nicholas|nichole|nick|nicole|niko|noah|nolan|oakley|oliver|olivia|oria|orie|oscar|owen|pamela|patrick|patti|paul|paula|payton|penny|peter|phil|philip|poamo|presley|preston|quincy|rachel|randa|randall|randy|rashelle|raynel|reagan|rebeca|rebecca|regan|remus|rex|rextin|rezn|rhett|rhextin|ricardo|richard|rick|ricki|ricky|rilee|ritchie|rob|robert|robin|rodger|rodney|roger|romeo|ron|ronald|roney|royce|ruben|rudy|rulon|russ|russel|russell|rustin|ryan|ryker|rylan|rylee|ryley|rylie|sadie|sam|samantha|samuel|sandra|sara|sarah|scott|sean|sergio|seth|seyer|shane|shani|shannon|shantel|sharlene|sharlyn|shaun|shawn|shawna|shaylen|shaylynn|shayna|shelbi|shelby|shem|sheri|shiloh|shirlene|shyann|shyanne|simon|skyler|spencer|spenser|stacey|stacy|stephanie|stephen|stetson|steve|steven|stewart|stoney|stuart|susan|sushiel|sydnee|sydney|taeya|talsan|talya|tamara|tanner|tara|targee|taylor|taysen|ted|tegan|teisha|teran|teresa|terrelle|terri|terry|theresa|theron|thomas|tifanny|tiffany|tiffine|tiimothy|tim|timothy|todd|tom|tony|torrian|traci|tracy|trae|travis|trefley|trent|trenton|trever|trevor|tricia|trina|tristan|troy|tya|tyfanie|tylane|tyler|tylor|tyrail|tyson|valerie|valorie|vanette|verle|vernon|veronica|victoria|viliami|vince|wade|waydanne|waylon|wayne|wendell|wendi|wendle|wes|wesley|weston|whitney|willard|william|wrex|wyatt|wylee|xander|yohany|zach|zachary|zachery|zackary|zeb|zoee|zyle)\.? ([a-z]\.? )?(?!(garff|h\.? miller|commons|johns?\b|stuart const|brown shields|county|ace\b|randall dist|volunteer|town\b|service\b|group\b|pelvic|splint|cleaning|seiner|wagstaff|schein|automotive|chevrolet|ford\b|dodge|toyota|honda|nissan|motors?\b|park\b|crew\b|fire\b|city\b|paper\b|enterprises|scba\b|ecologo|and\b|tools?\b|salt\b|web\b|pymnt|extrication|credit\b|blue\b|emergency|door\b|jars?\b|stores?\b|bar\b|rabbit|bottle))[a-z][a-z'\-]{2,}",without business words,A first name followed by another word (first names from common US names and from person payees in the data; known business names such as Ken Garff and Henry Schein left out)
