category,skip_vendor_category,pattern,note
payroll,,"^(payroll journal|cash disbursements - payroll\b.*|payroll[ -]?costing|pypkt\d+\b.*|ppe \d{1,2}[/.\-]\d{1,2}[/.\-]\d{2,4}\b.*)$","Payroll batches posted to non-payroll accounts (payroll journals, pay packets, 'PPE' = pay period ending)"
scba,,"^(?!\d+,\s*[a-z]+,\s*wd)(?!.*(\bcapitaliz|\bdepreciat|\bwip\b|\baccru|\breclass|\brcls\b|\bcorrect(ion|ing|ed)?\b|\brevers|\btransfer|\ballocat|\bjournal|\bje\b|write ?off|contra account|\bvoid(ed)?\b))(?!.*\b(lease|loan|principal|interest|bonds?|debt|payments?|pmt)\b).*?(\bscba|s\.c\.b\.a|self[- ]contained breathing|breathing (air|apparatus)|\bair ?-?pa[ck]k?s?\b|\bair ?bottles?\b|\b(scba|air|carbon|composite|4500 ?psig?|\d\d ?-?min(ute)?) (air )?(cyl(inder)?s?|bottles?)\b|hydro ?(static)? ?test|\bfit ?test|face ?pieces?\b|\bmsa g1\b|\bg1 (scba|facepiece|regulator|cyl)|\brit (pack|kit|bag)|rapid intervention|\b(air|breathing air|scba) compressor|\bbauer\b|\bmako\b|(scba|air) (fill|cascade) (station|system)|\bpass (device|alarm))","SCBA, air packs, cylinders, facepieces, RIT packs, breathing-air compressors, flow and hydrostatic testing. Loan payments left out."
fire-equipment,,"^(?!\d+,\s*[a-z]+,\s*wd)(?!.*(\bcapitaliz|\bdepreciat|\bwip\b|\baccru|\breclass|\brcls\b|\bcorrect(ion|ing|ed)?\b|\brevers|\btransfer|\ballocat|\bjournal|\bje\b|write ?off|contra account|\bvoid(ed)?\b)).*?(equip\w* for (the )?new (fire )?(engine|pumper|apparatus|aerial|ladder|tender|brush)|(new )?type [1-6] engine (equipment|supplies|hardware)|supplies (for )?new type [1-6] engine|fire truck replacement equipment)",Loose equipment for a new engine or brush truck (before the apparatus rule).
apparatus,fire-equipment,"^(?!\d+,\s*[a-z]+,\s*wd)(?!.*(\bcapitaliz|\bdepreciat|\bwip\b|\baccru|\breclass|\brcls\b|\bcorrect(ion|ing|ed)?\b|\brevers|\btransfer|\ballocat|\bjournal|\bje\b|write ?off|contra account|\bvoid(ed)?\b))(?!.*\b(lease|loan|principal|interest|bonds?|debt|payments?|pmt)\b)(?!.*(\ballowances?\b|uniform al$|\bstipends?\b|comp-|\bcompensation\b|\bwages?\b|\bpayroll\b|\bper (call|run)\b))(?!.*\b(lunch|dinner|breakfast|pizzas?|treats|snacks|food|restaurant|eatery|catering|candy)\b)(?!.*\b(per diem|fuel|battery tender|getac)\b).*?(\bpierce (custom|enforcer|velocity|impel|arrow|saber|manufacturing|pumper)|\bpumpers?\b|aerial ladder|\bladder truck|\btiller\b|\btype [1-6] engine|brush (fire )?trucks?|\bwater tender|\bfire (engines?|trucks?)\b|rosenbauer|siddons|\be-one\b)","Fire engines, ladder trucks, brush trucks and their repair. Leases, loans, payments, fuel, food and travel left out."
wildland,,"^(?!\d+,\s*[a-z]+,\s*wd)(?!.*(\bcapitaliz|\bdepreciat|\bwip\b|\baccru|\breclass|\brcls\b|\bcorrect(ion|ing|ed)?\b|\brevers|\btransfer|\ballocat|\bjournal|\bje\b|write ?off|contra account|\bvoid(ed)?\b)).*?(wild ?land\W+(ppe|gear|coats?|pants?|shirts?|boots?|helmets?|gloves?|packs?|hose|tools?|shelters?|clothing|uniforms?|radio accessories)\b|\b(ppe|gear|clothing|coats?|pants?|shirts?|boots?|helmets?|gloves?)\W+(- )?wild ?land\b|\bbrush gear|\bweb ?gear|\bline gear|fire shelters?|\bpulaski|\bmcleod|drip ?torch|\bfusees?\b|bladder bag|yellow (nomex )?shirts?|\bnomex\b|forestry (coats?|pants?|shirts?|hose)|chain ?saws?|\bstihl\b|husqvarna|(wild ?land|wildfire)( suppression| misc\.?| fire| fighting)? (supplies|equipment|equip)\b(?! (repair|maint))|(equipment|supplies|equip\. purch\. small),? (- )?wild ?land\b)","Wildland PPE and tools, fire shelters, chainsaws, and wildland supply or equipment accounts. Plain 'wildland fire' deployment, travel and fuel lines left out."
ppe,,"^(?!\d+,\s*[a-z]+,\s*wd)(?!.*(\bcapitaliz|\bdepreciat|\bwip\b|\baccru|\breclass|\brcls\b|\bcorrect(ion|ing|ed)?\b|\brevers|\btransfer|\ballocat|\bjournal|\bje\b|write ?off|contra account|\bvoid(ed)?\b))(?!.*\b(police|covid|respirators?|n95)\b).*?(turn[- ]?outs?\b|\bturout|bunker|structur(e|al) (gear|ff|fire ?fight\w*|boots?|gloves?|helmets?|coats?|pants|jackets?)|personal protect\w* equip|protective (clothing|gear|hoods?)|\bppe\b(?! ?\d)|\bppe'?s\b|special clothing|specclothing|fire ?dex|innotex|morning pride|\bphenix\b|\bcairns\b|\bbullard\b|\bhaix\b|g-?xcel|g-?xtreme|\bglobe (custom|gx|g-x|structure|suspender)|gear (wash|clean|repair|inspect|dry|rack|bags?)|escape (belts?|system)|bailout|helmets?\b(?! (cam|mount|light))|helmet (shield|front|name)s?|\b(ff|fire ?fight\w*|fire|structure|rubber|pull[- ]on) boots?\b|boots - personal|\b(ff|fire ?fight\w*|fire|structure|structural|rescue|extrication) gloves?\b|gloves - personal|\bhoods?\b(?! (clean|vent|exhaust|fan|system))|particulate hoods?|suspenders)","Turnouts, bunker gear, helmets, structural boots and gloves, hoods, PPE cleaning and repair. Police clothing and COVID respirators left out."
fire-equipment,,"^(?!\d+,\s*[a-z]+,\s*wd)(?!.*(\bcapitaliz|\bdepreciat|\bwip\b|\baccru|\breclass|\brcls\b|\bcorrect(ion|ing|ed)?\b|\brevers|\btransfer|\ballocat|\bjournal|\bje\b|write ?off|contra account|\bvoid(ed)?\b)).*?(extricat|\bhurst\b(?! ace)|jaws of life|e-?draulic|\bspreaders?\b|\bcombi ?tool|holmatro|\bamkus|genesis rescue|rescue tools?|thermal (imag\w*|cameras?)|\btic\b|\bflir\b|\bppv\b|positive pressure|class a (foam|plus)|foam (concentrate|eductor|stick|nozzle|system)|\bfoam\b$|halligan|\bpike poles?|gas (detectors?|monitors?|meters?)|\b4[- ]gas|multi ?gas|multi ?rae|blackline|calibration gas|(urban search ?&? ?rescue|usar|heavy rescue|technical rescue|rope rescue|swift ?water rescue|water rescue) (equipment|supplies|gear|ppe)|firefighting supplies (heavy rescue|swift water rescue|hazmat)|\bknox (box|key)|akron|elkhart|task force tips|\btft\b|kochek|waterax|\bstorz\b|fire ?hoses?|\b(attack|supply|booster|forestry|suction|ldh|dj|double jacket|rubber lined) hoses?|hose (test\w*|roller|strap|pack|coupling)s?|\bdj hoses?|\bldh\b|\bhoses? - fire|replc hose|\b(fire|fog|smooth ?bore|stream|stacked tip|foam|training|piercing|cellar) nozzles?|nozzles? (- fire|w/shutoff|tip)|replc nozzles|^(fire )?nozzles?$|\bwyes?\b|siamese|hydrant (tools?|wrench|bag)|\bspanners?\b|appliances? (&|and )?tools for engines|(fire|scene) (tools|small tools)$|^fire small tools|fire app - (new|repl\w*) (hose|nozzles?|small tools)|fire app replc small tools)","Hose, nozzles, appliances, extrication tools, thermal imagers, gas meters, foam, rescue-team equipment. 'Hurst Ace Hardware' left out."
ems-equipment,,"^(?!\d+,\s*[a-z]+,\s*wd)(?!.*(\bcapitaliz|\bdepreciat|\bwip\b|\baccru|\breclass|\brcls\b|\bcorrect(ion|ing|ed)?\b|\brevers|\btransfer|\ballocat|\bjournal|\bje\b|write ?off|contra account|\bvoid(ed)?\b))(?!.*\b(lunch|dinner|breakfast|pizzas?|treats|snacks|food|restaurant|eatery|catering|candy)\b)(?!.*\b(class|classes|course|cards?|ecard|workbooks?|training|trainer|instructor|paint)\b).*?(\baeds?\b|defibrillat|cardiac monitor|heart monitor|lifepak|life ?pak|\bx[- ]series|autopulse|\blucas\b|chest compression|stretchers?|gurney|power ?(pro|load|cot)|stair ?chair|ventilator\b|laryngoscope|glidescope|capnograph|suction unit|12[- ]lead|zoll (medical|monitor|aed)|patient monitor)","Cardiac monitors, AEDs, stretchers, CPR devices, ventilators. CPR/AED classes, cards and trainers left out; plain 'monitor' not used (gas and computer monitors)."
telecom,fire-equipment,"^(?!\d+,\s*[a-z]+,\s*wd)(?!.*(\bcapitaliz|\bdepreciat|\bwip\b|\baccru|\breclass|\brcls\b|\bcorrect(ion|ing|ed)?\b|\brevers|\btransfer|\ballocat|\bjournal|\bje\b|write ?off|contra account|\bvoid(ed)?\b))(?!.*(\ballowances?\b|uniform al$|\bstipends?\b|comp-|\bcompensation\b|\bwages?\b|\bpayroll\b|\bper (call|run)\b))(?!.*utilit).*?(telephone|phone line|cell(ular)? (phone|service)s?|\bphones?\b|internet|wireless (communications|service|phone|bill|plan|data)|verizon|vzwrlss|\bat ?& ?t\b|comcast|centurylink|starlink)","Phone, cell and internet. Phone allowances and mixed 'utilities & telephone' accounts left out. Before radios ('telephone & pager line')."
radios,,"^(?!\d+,\s*[a-z]+,\s*wd)(?!.*(\bcapitaliz|\bdepreciat|\bwip\b|\baccru|\breclass|\brcls\b|\bcorrect(ion|ing|ed)?\b|\brevers|\btransfer|\ballocat|\bjournal|\bje\b|write ?off|contra account|\bvoid(ed)?\b))(?!.*\b(lunch|dinner|breakfast|pizzas?|treats|snacks|food|restaurant|eatery|catering|candy)\b)(?!.*\b(class|training|license|tower lease|antenna rent|club)\b).*?(\bradios?\b|\bapx\b|\bxts ?\d|\bbk radio|bendix|\bkng\b|\bpagers?\b|minitor|repeaters?\b|two[- ]way radio|motorola|kenwood|l3 ?harris|baofeng|sonetics|communications? equipment)","Radios, pagers, repeaters, communications equipment."
rms,,"^(?!\d+,\s*[a-z]+,\s*wd)(?!.*(\bcapitaliz|\bdepreciat|\bwip\b|\baccru|\breclass|\brcls\b|\bcorrect(ion|ing|ed)?\b|\brevers|\btransfer|\ballocat|\bjournal|\bje\b|write ?off|contra account|\bvoid(ed)?\b))(?!.*\b(conference|training|hotel|airfare|airline|registration|wave|connect)\b).*?(\bepcr\b|e-pcr|records management (system|software)|(imagetrend|image trend|\beso\b|eso\.com|emergency reporting|first due) (license|subscription|renewal|annual|software|saas|ehr|elite|suite|fees?)\b)","ePCR and records software purchases only. On broad-payee lines ESO, ImageTrend and First Due were conference travel, training or Phenix First Due helmets, so those names alone are not used."
uniforms,fire-equipment,"^(?!\d+,\s*[a-z]+,\s*wd)(?!.*(\bcapitaliz|\bdepreciat|\bwip\b|\baccru|\breclass|\brcls\b|\bcorrect(ion|ing|ed)?\b|\brevers|\btransfer|\ballocat|\bjournal|\bje\b|write ?off|contra account|\bvoid(ed)?\b))(?!.*(\ballowances?\b|uniform al$|\bstipends?\b|comp-|\bcompensation\b|\bwages?\b|\bpayroll\b|\bper (call|run)\b))(?!.*\b(lunch|dinner|breakfast|pizzas?|treats|snacks|food|restaurant|eatery|catering|candy)\b)(?!.*(pinning|ceremony|battle of|patch (cable|panel)|fire control)).*?(uniforms?|class a\b(?! (foam|plus))|class-a|station (wear|uniforms?|pants|shirts?|boots)|embroider|screen ?print|\b5\.11\b|tru-?spec|\bbadges?\b|\bpatch(es)?\b|name ?(tags?|tapes?|bars?|plates?)|collar (brass|insignia|pins?)|t-?shirts?|\bpolos?\b|duty (shirts?|pants)|dress (uniforms?|shirts?|coats?))","Uniforms, station wear, badges, patches, name tags, embroidery. Uniform and clothing allowances (paid to staff) left out."
professional,fire-equipment,medical (control|direct(or|ion)),Medical director and medical control fees
ems-supplies,fire-equipment,"^(?!\d+,\s*[a-z]+,\s*wd)(?!.*(\bcapitaliz|\bdepreciat|\bwip\b|\baccru|\breclass|\brcls\b|\bcorrect(ion|ing|ed)?\b|\brevers|\btransfer|\ballocat|\bjournal|\bje\b|write ?off|contra account|\bvoid(ed)?\b))(?!.*\b(lunch|dinner|breakfast|pizzas?|treats|snacks|food|restaurant|eatery|catering|candy)\b)(?!.*(\bfuel\b|\bdiesel\b|prevention|school|babysitting|coloring|contingency|:ambulances)).*?(medical suppl|med suppl|ambulance suppl|\bems suppl|ems - supplies|first aid (&|and) medical|\boxygen\b(?! se)|narcan|naloxone|epinephrine|\biv (supplies|start)|bandag|gauze|syringe|(nitrile|exam|latex|vinyl) gloves|gloves,? nitrile|medications?\b|pharmac)","Medical supplies, drugs, oxygen, exam gloves."
medical-exams,fire-equipment,"^(?!\d+,\s*[a-z]+,\s*wd)(?!.*(\bcapitaliz|\bdepreciat|\bwip\b|\baccru|\breclass|\brcls\b|\bcorrect(ion|ing|ed)?\b|\brevers|\btransfer|\ballocat|\bjournal|\bje\b|write ?off|contra account|\bvoid(ed)?\b))(?!.*\b(lunch|dinner|breakfast|pizzas?|treats|snacks|food|restaurant|eatery|catering|candy)\b)(?!.*\b(animal|training)\b).*?(physicals?\b|drug (test\w*|screen\w*)|new hire testing|fitness (test|eval)|vaccin|hep(atitis)? b\b|\btb test|cancer screen|peer support|counsel(ing|or)\b|medical (exam|evaluation))","Physicals, drug tests, vaccines, counseling."
fleet,fire-equipment,"^(?!\d+,\s*[a-z]+,\s*wd)(?!.*(\bcapitaliz|\bdepreciat|\bwip\b|\baccru|\breclass|\brcls\b|\bcorrect(ion|ing|ed)?\b|\brevers|\btransfer|\ballocat|\bjournal|\bje\b|write ?off|contra account|\bvoid(ed)?\b))(?!.*(\ballowances?\b|uniform al$|\bstipends?\b|comp-|\bcompensation\b|\bwages?\b|\bpayroll\b|\bper (call|run)\b))(?!.*(fuels? (reduction|mitigation|crew|management|treatment)|\bw/?l fuels|propane|diesel exhaust)).*?(\bfuel\b|\bfuels\b|gasoline|unleaded|diesel|motor fuels|\btires?\b|oil change|car ?wash|auto ?parts|vehicles? (maint\w*|repairs?|expense|operations|& equip maint)|vehicle - (fuel|maint)|fleet repairs?)","Fuel, tires, auto parts, vehicle repair. Wildland fuels-reduction work, propane and diesel exhaust systems left out."
training,fire-equipment,"^(?!\d+,\s*[a-z]+,\s*wd)(?!.*(\bcapitaliz|\bdepreciat|\bwip\b|\baccru|\breclass|\brcls\b|\bcorrect(ion|ing|ed)?\b|\brevers|\btransfer|\ballocat|\bjournal|\bje\b|write ?off|contra account|\bvoid(ed)?\b))(?!.*(\ballowances?\b|uniform al$|\bstipends?\b|comp-|\bcompensation\b|\bwages?\b|\bpayroll\b|\bper (call|run)\b))(?!.*(\bsupplies\b|\bmaint\w*|\bcommunity\b|\bpublic\b|\belementary\b|\bprevention\b|\binstall|training buildi)).*?(\btraining\b(?!,? (materials|supplies|equipment|props?|tower|center|facility|building|mannequins?|manikins?|nozzles?))|\btravel\b|conference|conventions?|registration|tuition|seminars?|workshops?|\bhotel|lodging|air ?fare|airline|per diem|\bmileage\b|\bdues\b|memberships?|certification|recert|national registry|\bnremt\b|schooling|education)","Training, travel, conferences, registration, tuition, dues and memberships. Mixed training/supply accounts and public education left out."
utilities,fire-equipment,"^(?!\d+,\s*[a-z]+,\s*wd)(?!.*(\bcapitaliz|\bdepreciat|\bwip\b|\baccru|\breclass|\brcls\b|\bcorrect(ion|ing|ed)?\b|\brevers|\btransfer|\ballocat|\bjournal|\bje\b|write ?off|contra account|\bvoid(ed)?\b))(?!.*\b(phones?|telephone)\b).*?(^(fire )?(- )?utilit(y|ies)|utilities and utility serv|electricity|electricty|natural gas|\bpower bill|water (&|and) sewer|water and sewerage|^water$|\bsewer(age)?\b(?! cover)|garbage(?! (cans?|bags?))|\brefuse\b(?! bags?)|street ?light)","Utility accounts: water, sewer, power, natural gas, garbage, street lighting."
software,fire-equipment,"^(?!\d+,\s*[a-z]+,\s*wd)(?!.*(\bcapitaliz|\bdepreciat|\bwip\b|\baccru|\breclass|\brcls\b|\bcorrect(ion|ing|ed)?\b|\brevers|\btransfer|\ballocat|\bjournal|\bje\b|write ?off|contra account|\bvoid(ed)?\b)).*?(software|\bsaas\b|microsoft (365|office)|office 365|\badobe\b)","Software, Office 365, Adobe."
it,fire-equipment,"^(?!\d+,\s*[a-z]+,\s*wd)(?!.*(\bcapitaliz|\bdepreciat|\bwip\b|\baccru|\breclass|\brcls\b|\bcorrect(ion|ing|ed)?\b|\brevers|\btransfer|\ballocat|\bjournal|\bje\b|write ?off|contra account|\bvoid(ed)?\b))(?!.*\b(lunch|dinner|breakfast|pizzas?|treats|snacks|food|restaurant|eatery|catering|candy)\b).*?(computers?\b|laptops?|\bipads?\b|tablets?\b|printers?|\btoner\b|ink cartridge|docking station|computer monitors?)","Computers, laptops, iPads, printers, toner."
facilities,fire-equipment,"^(?!\d+,\s*[a-z]+,\s*wd)(?!.*(\bcapitaliz|\bdepreciat|\bwip\b|\baccru|\breclass|\brcls\b|\bcorrect(ion|ing|ed)?\b|\brevers|\btransfer|\ballocat|\bjournal|\bje\b|write ?off|contra account|\bvoid(ed)?\b)).*?(janitorial|custodial|cleaning supplies|building (maint\w*|repairs?|supplies)|buildings? (&|and) grounds|bldg|grounds maint|maintenance of buildings|plumb|\bhvac\b|landscap|snow removal|pest control|locksmith)",Janitorial supplies and building and grounds upkeep.
general,fire-equipment,"^(?!\d+,\s*[a-z]+,\s*wd)(?!.*(\bcapitaliz|\bdepreciat|\bwip\b|\baccru|\breclass|\brcls\b|\bcorrect(ion|ing|ed)?\b|\brevers|\btransfer|\ballocat|\bjournal|\bje\b|write ?off|contra account|\bvoid(ed)?\b)).*?(office suppl|office expense|off\.supplies|stationery|postage|\bfood\b|meals|refreshments|snacks|groceries|station supplies)","Office supplies, postage, food, station supplies."
