fema_recipient,tu_id
DAMMERON VALLEY FIRE SPECIAL SERVICE DIS,1549
DIAMOND VALLEY FIRE DEPARTMENT,1587
GARDEN CITY FIRE DISTRICT,1386
HURRICANE VALLEY FIRE SSD THE,1181
"LAKETOWN FIRE DIST,",1433
LONE PEAK FIRE DISTRICT,955
MAMMOTH CREEK SPECIAL SERVICE FIRE,1418
MOUNTAIN GREEN FIRE DEPARTMENT,1395
MOUNTAIN GREEN FIRE PROTECTION DISTRICT,1395
NORTH DAVIS FIRE DISTRICT,791
NORTH SUMMIT FIRE PROTECTION SPECIAL SER,1421
NORTH TOOELE FIRE PROTECTION SERVICE DIS,987
PARK CITY FIRE SERVICE DISTRICT,799
RANDOLPH FIRE DEPARTMENT,1520
SOUTH DAVIS METRO FIRE AGENCY,907
UINTAH FIRE SUPPRESSION SPECIAL SER,809
UNIFIED FIRE AUTHORITY,679
WOODRUFF FIRE DEPARTMENT,1538
