vendor_id,vendor,domain,confidence,logo,logo_px,logo_source,notes
4imprint,4imprint,4imprint.com,high,logos/4imprint.jpg,64,https://www.google.com/s2/favicons?domain=4imprint.com&sz=128,promotional products
a-1-uniforms,A-1 Uniforms,,,,,,
accumed-billing,Accumed Billing,,,,,,The AccuMed Group (MI EMS billing) now part of EMS|MC; theaccumedgroup.com redirects to emsmc.com; domain emsmc.com not used: domain is EMS Management & Consultants
ace-hardware,Ace Hardware,acehardware.com,medium,logos/ace-hardware.png,16,https://www.google.com/s2/favicons?domain=acehardware.com&sz=128,national brand; payees include local independent Ace stores
across-the-street-productions,Across the Street Productions,bluecardtraining.com,medium,logos/across-the-street-productions.png,128,https://www.google.com/s2/favicons?domain=bluecardtraining.com&sz=128,Across the Street Productions owns Blue Card incident command training (Phoenix); own domain acrossthestreetproductions.com is not live
active911,Active911,active911.com,high,logos/active911.png,128,https://www.google.com/s2/favicons?domain=active911.com&sz=128,
advance-auto-parts,Advance Auto Parts,advanceautoparts.com,high,logos/advance-auto-parts.png,128,https://www.google.com/s2/favicons?domain=advanceautoparts.com&sz=128,national brand
advanced-eco-systems-inc,"ADVANCED ECO SYSTEMS, INC.",advancedecosystems.net,high,logos/advanced-eco-systems-inc.jpg,128,https://www.google.com/s2/favicons?domain=advancedecosystems.net&sz=128,Tallmadge OH emergency/homeland security equipment reseller
advantage-equipment,Advantage Equipment,aeilaundry.com,high,logos/advantage-equipment.png,128,https://www.google.com/s2/favicons?domain=aeilaundry.com&sz=128,Akron OH laundry/turnout gear washer dealer; site confirmed
aed-superstore,AED Superstore,aedsuperstore.com,high,logos/aed-superstore.png,16,https://www.google.com/s2/favicons?domain=aedsuperstore.com&sz=128,
aep-ohio,AEP Ohio,aepohio.com,high,logos/aep-ohio.png,16,https://www.google.com/s2/favicons?domain=aepohio.com&sz=128,electric utility (Ohio Power Co brand)
air-comm,Air Comm,aircomm.com,high,logos/air-comm.png,16,https://www.google.com/s2/favicons?domain=aircomm.com&sz=128,"two-way radio, Salt Lake City office"
airgas,Airgas,airgas.com,high,logos/airgas.png,96,https://www.airgas.com/favicon-96x96.png,gases and safety supplies
ajc-architects,AJC Architects,ajcarchitects.com,high,logos/ajc-architects.png,16,https://www.google.com/s2/favicons?domain=ajcarchitects.com&sz=128,Salt Lake City architects (fire station work); site currently shows template text
aladtec,Aladtec,,,,,,aladtec.com redirects to TCP Software product page (owner); domain tcpsoftware.com not used: product of TCP Software; logo would be TCP
alert-all,Alert-All,alertall.com,high,logos/alert-all.png,128,https://www.google.com/s2/favicons?domain=alertall.com&sz=128,New Holland PA fire prevention education supplies; site confirmed
all-american-fire-equipment,All American Fire Equipment,allamericanfire.us,high,logos/all-american-fire-equipment.png,128,https://www.google.com/s2/favicons?domain=allamericanfire.us&sz=128,"Rosenbauer dealer, Washington Court House and Canton OH"
amazon,Amazon,amazon.com,high,logos/amazon.png,48,https://www.google.com/s2/favicons?domain=amazon.com&sz=128,card purchases
ambulance-maintenance,Ambulance Maintenance,,,,,,Cincinnati OH ambulance repair shop; no website found
american-heart-association,American Heart Association,heart.org,high,logos/american-heart-association.png,16,https://www.google.com/s2/favicons?domain=heart.org&sz=128,CPR training/cards (Shop CPR)
amerigas,AmeriGas,amerigas.com,high,logos/amerigas.png,16,https://www.google.com/s2/favicons?domain=amerigas.com&sz=128,
app-architecture,App Architecture,app-arch.com,high,,,,Englewood OH architects
apparatus-equipment-service,Apparatus Equipment & Service,apparatus-es.com,high,logos/apparatus-equipment-service.png,128,https://www.google.com/s2/favicons?domain=apparatus-es.com&sz=128,Salt Lake City UT emergency vehicle builder/service
apple,Apple,apple.com,high,logos/apple.png,64,https://www.google.com/s2/favicons?domain=apple.com&sz=128,national brand
artistic-sign-design,Artistic Sign Design,artisticsign.com,high,logos/artistic-sign-design.png,50,https://www.google.com/s2/favicons?domain=artisticsign.com&sz=128,South Salt Lake UT
at-t,AT&T,att.com,high,logos/at-t.png,48,https://www.google.com/s2/favicons?domain=att.com&sz=128,national carrier
atlantic-emergency-solutions,Atlantic Emergency Solutions,atlanticemergency.com,high,logos/atlantic-emergency-solutions.ico,16,https://www.atlanticemergency.com/favicon.ico,Pierce dealer; acquired Finley Fire Equipment (Ohio) 2021
autozone,AutoZone,autozone.com,high,logos/autozone.png,128,https://www.google.com/s2/favicons?domain=autozone.com&sz=128,national brand
b-c-communications,B&C Communications,bandccommunications.com,high,logos/b-c-communications.png,16,https://www.google.com/s2/favicons?domain=bandccommunications.com&sz=128,Columbus OH Motorola partner; site confirmed
ba-shields,BA Shields,bashields.com,high,logos/ba-shields.png,128,https://www.google.com/s2/favicons?domain=bashields.com&sz=128,SCBA lens shield maker; site confirmed
batteries-plus,Batteries Plus,batteriesplus.com,high,logos/batteries-plus.png,72,https://www.batteriesplus.com/Assets/icons/apple-icon-72x72.png,
best-western,Best Western,bestwestern.com,high,logos/best-western.png,48,https://www.google.com/s2/favicons?domain=bestwestern.com&sz=128,national hotel brand
bethesda-healthcare,Bethesda Healthcare,,,,,,Cincinnati OH occupational medicine; Bethesda Healthcare merged into TriHealth; domain trihealth.com not used: no site of its own; domain is TriHealth
big-o-tires,Big O Tires,bigotires.com,high,logos/big-o-tires.png,48,https://www.google.com/s2/favicons?domain=bigotires.com&sz=128,franchise brand; payees are local stores
binder-lift,Binder Lift,phaseintl.com,medium,logos/binder-lift.png,128,https://www.google.com/s2/favicons?domain=phaseintl.com&sz=128,binderlift.com redirects to Phase International Binder Lift page
blalock-partners,Blalock & Partners,blalockandpartners.com,high,logos/blalock-partners.png,100,https://www.google.com/s2/favicons?domain=blalockandpartners.com&sz=128,Utah architecture firm
blomquist-hale-consulting-group,Blomquist Hale Consulting Group,blomquisthale.com,high,logos/blomquist-hale-consulting-group.png,128,https://www.google.com/s2/favicons?domain=blomquisthale.com&sz=128,Salt Lake City employee assistance provider; site confirmed
blue-creek-communications,Blue Creek Communications,,,,,,"Utah radio shop (Niels Co dba); no site found, bluecreekcommunications.com is a parked domain"
bluebeam,Bluebeam,bluebeam.com,high,logos/bluebeam.png,75,https://www.bluebeam.com/wp-content/uploads/2022/07/cropped-favicon-32x32-1-75x75.png,plan review software
bob-sumerel-tire,Bob Sumerel Tire,bobsumereltire.com,high,logos/bob-sumerel-tire.png,128,https://www.google.com/s2/favicons?domain=bobsumereltire.com&sz=128,Ohio-based commercial truck tire service; site confirmed
bound-tree-medical,Bound Tree Medical,boundtree.com,high,logos/bound-tree-medical.png,16,https://www.google.com/s2/favicons?domain=boundtree.com&sz=128,"EMS supplier, Sarnova company"
bountiful-police-department,Bountiful Police Department,bountiful.gov,medium,logos/bountiful-police-department.png,48,https://www.google.com/s2/favicons?domain=bountiful.gov&sz=128,city site; police department has no separate domain
bowling-green-state-university,Bowling Green State University,bgsu.edu,high,logos/bowling-green-state-university.png,72,https://www.bgsu.edu/etc.clientlibs/bgsu-support/themes/bootstrap-5.0.0/publish/resources/ico/apple-touch-icon-72-precomposed.png,
braun-northwest,Braun Northwest,braunnw.com,high,logos/braun-northwest.png,32,https://www.google.com/s2/favicons?domain=braunnw.com&sz=128,braunnorthwest.com redirects
breathing-air-systems,Breathing Air Systems,breathingair.com,high,logos/breathing-air-systems.jpg,180,https://www.breathingair.com/apple-touch-icon.png,"Reynoldsburg OH Bauer compressor dealer, SCBA fill stations"
bryx,Bryx,bryx.com,high,logos/bryx.png,128,https://www.google.com/s2/favicons?domain=bryx.com&sz=128,dispatch/station alerting software
buckeye-power-sales,Buckeye Power Sales,buckeyepowersales.com,high,logos/buckeye-power-sales.png,32,https://www.google.com/s2/favicons?domain=buckeyepowersales.com&sz=128,Ohio generator (Kohler/Rehlko) and equipment dealer
burgess-ambulance-sales,Burgess Ambulance Sales,burgessambulance.com,high,logos/burgess-ambulance-sales.jpg,128,https://www.google.com/s2/favicons?domain=burgessambulance.com&sz=128,"Loudonville OH, Wheeled Coach dealer"
burgess-hearse-ambulance,Burgess Hearse & Ambulance,burgessambulance.com,high,logos/burgess-hearse-ambulance.jpg,128,https://www.google.com/s2/favicons?domain=burgessambulance.com&sz=128,Loudonville OH ambulance dealer (527 Wooster Rd)
c-a-l-ranch,C-A-L Ranch,calranch.com,high,logos/c-a-l-ranch.png,128,https://www.google.com/s2/favicons?domain=calranch.com&sz=128,
canon,Canon,canon.com,high,logos/canon.png,128,https://www.google.com/s2/favicons?domain=canon.com&sz=128,Canon Solutions America / Canon Financial; canon.com redirects to global.canon (US arm usa.canon.com)
capital-one,Capital One,,,,,,bank/card payee; capitalone.com if a logo is wanted anyway
cardio-partners,Cardio Partners,cardiopartners.com,high,logos/cardio-partners.png,48,https://www.google.com/s2/favicons?domain=cardiopartners.com&sz=128,
cardmember-service,Cardmember Service,,,,,,"card payment program (Security Bank card servicing), not a vendor"
carquest-auto-parts,Carquest Auto Parts,carquest.com,high,logos/carquest-auto-parts.png,192,https://www.carquest.com/wp-content/plugins/pwa-for-wp/images/logo.png,Advance Auto Parts brand; own site live
cascade-fire-equipment,Cascade Fire Equipment,cascadefire.com,high,logos/cascade-fire-equipment.png,17,https://www.google.com/s2/favicons?domain=cascadefire.com&sz=128,Pacific Northwest wildland gear maker
cdw-government,CDW Government,cdwg.com,high,logos/cdw-government.webp,64,https://www.cdwg.com/favicon.ico,CDW-G public sector arm of CDW
centracom,CentraCom,centracom.com,high,logos/centracom.png,48,https://www.google.com/s2/favicons?domain=centracom.com&sz=128,central Utah telecom and internet
central-utah-911,Central Utah 911,centralutah911.gov,high,logos/central-utah-911.png,128,https://www.google.com/s2/favicons?domain=centralutah911.gov&sz=128,dispatch center
centralsquare-technologies,CentralSquare Technologies,centralsquare.com,high,logos/centralsquare-technologies.png,128,https://www.google.com/s2/favicons?domain=centralsquare.com&sz=128,
cfs-inspections,CFS Inspections,cfsinspections.com,high,logos/cfs-inspections.jpg,120,https://www.google.com/s2/favicons?domain=cfsinspections.com&sz=128,Searcy AR aerial and ladder inspections serving Ohio
chagrin-valley-dispatch,Chagrin Valley Dispatch,chagrinvalleydispatch.com,high,-,,https://www.chagrinvalleydispatch.com/favicon.ico,Cuyahoga County OH dispatch center; logo not used: site icon is WordPress's default
change-healthcare,Change Healthcare,optum.com,high,logos/change-healthcare.png,48,https://www.google.com/s2/favicons?domain=optum.com&sz=128,acquired by Optum; changehealthcare.com redirects to business.optum.com
charter-communications,Charter Communications,spectrum.com,high,logos/charter-communications.png,32,https://www.google.com/s2/favicons?domain=spectrum.com&sz=128,Charter Communications (formerly Time Warner Cable) brands as Spectrum; charter.com redirects to spectrum.com
cintas,Cintas,cintas.com,high,logos/cintas.png,32,https://www.google.com/s2/favicons?domain=cintas.com&sz=128,
cmt-technical-services,CMT Technical Services,cmttechnicalservices.com,high,logos/cmt-technical-services.png,30,https://cmttechnicalservices.com/wp-content/uploads/2023/01/cmt-favicon.png,"Salt Lake City engineering/testing, formerly CMT Engineering Laboratories"
coaxsher,Coaxsher,coaxsher.com,high,logos/coaxsher.png,16,https://www.google.com/s2/favicons?domain=coaxsher.com&sz=128,wildland fire gear
codale-electric-supply,Codale Electric Supply,codale.com,high,logos/codale-electric-supply.png,32,https://www.google.com/s2/favicons?domain=codale.com&sz=128,Salt Lake City UT electrical distributor
colonial-flag,Colonial Flag,colonialflag.com,high,logos/colonial-flag.png,32,https://www.google.com/s2/favicons?domain=colonialflag.com&sz=128,"Sandy, Utah flag and flagpole company"
columbia-gas-of-ohio,Columbia Gas of Ohio,columbiagasohio.com,high,logos/columbia-gas-of-ohio.png,16,https://www.google.com/s2/favicons?domain=columbiagasohio.com&sz=128,
comcast,Comcast,comcast.com,high,logos/comcast.png,64,https://www.google.com/s2/favicons?domain=comcast.com&sz=128,payees include Comcast Business
commercial-business-radio,Commercial Business Radio,commercialbusinessradio.com,high,logos/commercial-business-radio.png,128,https://www.google.com/s2/favicons?domain=commercialbusinessradio.com&sz=128,"Delta UT, Motorola dealer"
consolidated-fleet-services,Consolidated Fleet Services,,,,,,
conway-shield,Conway Shield,conwayshield.com,high,logos/conway-shield.png,32,https://www.google.com/s2/favicons?domain=conwayshield.com&sz=128,face shields / PPE maker
cookie-jar-development,Cookie Jar Development,cookiejardevelopment.com,high,logos/cookie-jar-development.png,128,https://www.google.com/s2/favicons?domain=cookiejardevelopment.com&sz=128,Heber City UT; maker of EMS Guidebook protocol app (site was down when checked)
core-main,Core & Main,coreandmain.com,high,logos/core-main.png,128,https://www.google.com/s2/favicons?domain=coreandmain.com&sz=128,national waterworks distributor
costco,Costco,costco.com,high,logos/costco.png,152,https://costco.com/apple-touch-icon.png,national retailer
crash-course-village,Crash Course Village,crashcoursevillage.org,high,logos/crash-course-village.png,128,https://www.google.com/s2/favicons?domain=crashcoursevillage.org&sz=128,Ohio extrication/rescue training; .com redirects to .org
crewsense,Crewsense,,,,,,CrewSense acquired by Vector Solutions 2019; crewsense.com redirects; domain vectorsolutions.com not used: acquired by Vector Solutions; logo would be Vector Solutions
csutest-com,CSUtest.com,csutest.com,high,logos/csutest-com.png,180,https://csutest.com/apple-touch-icon.png,
cummins,Cummins,cummins.com,high,logos/cummins.png,32,https://www.cummins.com/themes/custom/cummins/favicon.ico,manufacturer; local distributor Cummins Rocky Mountain
dell-technologies,Dell Technologies,dell.com,high,logos/dell-technologies.png,180,https://www.dell.com/apple-touch-icon.png,national brand
digitech-computer,Digitech Computer,digitechcomputer.com,high,logos/digitech-computer.png,128,https://www.google.com/s2/favicons?domain=digitechcomputer.com&sz=128,"EMS billing, Chappaqua NY; site confirmed"
discountcell,DiscountCell,discountcell.com,high,logos/discountcell.ico,16,http://www.discountcell.com/images/buttons/favicon.ico,Provo UT
dive-rescue-international,Dive Rescue International,diverescueintl.com,high,logos/dive-rescue-international.jpg,128,https://www.google.com/s2/favicons?domain=diverescueintl.com&sz=128,
diversified-inspections-itl,Diversified Inspections/ITL,,,,,,"Diversified Inspections dba IIA Lifting Services (Peoria AZ), part of Industrial Inspection & Analysis; domain industrial-ia.com not used: domain is IIA Lifting Services"
dreamseat,DreamSeat,dreamseat.com,high,logos/dreamseat.png,128,https://www.google.com/s2/favicons?domain=dreamseat.com&sz=128,branded furniture
duke-energy,Duke Energy,duke-energy.com,high,logos/duke-energy.png,128,https://www.google.com/s2/favicons?domain=duke-energy.com&sz=128,"utility, Duke Energy Ohio"
eagle-engraving,Eagle Engraving,eagle-engraving.com,high,logos/eagle-engraving.png,72,https://eagle-engraving.com/favicons/apple-touch-icon-72x72.png,St. Charles IL firefighter awards/gifts; eagleengraving.com redirects here
ecms,ECMS,,,,,,"ECMS Inc PPE care/maintenance (CA, UT sites) is part of L.N. Curtis family; ecmsinc.biz redirects to lncurtis.com; domain lncurtis.com not used: not confirmed; domain is L.N. Curtis"
elite-extrication-equipment,Elite Extrication & Equipment,eliteextrication.com,high,logos/elite-extrication-equipment.png,16,https://www.google.com/s2/favicons?domain=eliteextrication.com&sz=128,Nampa ID rescue tool dealer serving Utah; site confirmed
emergency-medical-products,Emergency Medical Products,,,,,,"EMP, Dublin OH, Sarnova company; buyemp.com redirects to Bound Tree; domain boundtree.com not used: acquired by Bound Tree; logo would be Bound Tree"
emergency-networking,Emergency Networking,tylertech.com,high,logos/emergency-networking.png,48,https://www.google.com/s2/favicons?domain=tylertech.com&sz=128,"Columbus OH fire RMS; acquired by Tyler Technologies Jul 2025, emergencynetworking.com redirects"
emergency-reporting,Emergency Reporting,emergencyreporting.com,high,logos/emergency-reporting.png,16,https://emergencyreporting.com/wp-content/uploads/2018/12/fb-icon.png,"part of ESO since 2021 (Backdraft Opco); own site still live, not a redirect"
emergency-vehicle-systems,Emergency Vehicle Systems,evsutah.com,medium,,,,St. George UT upfitter (most payees are UT); one CA payee may be El Cajon CA firm emergencyvehiclesystems.com
ems-logik,EMS LogiK,emslogik.com,high,logos/ems-logik.png,32,https://www.google.com/s2/favicons?domain=emslogik.com&sz=128,"Salt Lake City UT, NarcBox narcotics control"
ems-management-consultants,Ems Management & Consultants,emsmc.com,high,logos/ems-management-consultants.webp,64,https://emsmc.com/wp-content/uploads/2023/09/cropped-EMS-Favicon2-48-48-48-48-48-48-32x32.png,"EMS billing (EMS|MC), North Carolina based, serves Ohio agencies"
emsar,EMSAR,emsar.com,high,logos/emsar.png,61,https://www.google.com/s2/favicons?domain=emsar.com&sz=128,"EMS equipment service; Wilmington OH HQ, Intermountain branch in UT"
enbridge-gas,Enbridge Gas,enbridgegas.com,high,logos/enbridge-gas.png,16,https://www.google.com/s2/favicons?domain=enbridgegas.com&sz=128,"Dominion Energy Utah/Questar Gas, bought by Enbridge 2024, now Enbridge Gas Utah (enbridgegas.com/utwyid); Dominion East Ohio also Enbridge Gas Ohio"
eriks-north-america,ERIKS North America,lggindustrial.com,high,logos/eriks-north-america.png,59,https://www.google.com/s2/favicons?domain=lggindustrial.com&sz=128,ERIKS North America rebranded LGG Industrial Feb 2024; eriksna.com redirects
eso-solutions,ESO Solutions,eso.com,high,logos/eso-solutions.png,128,https://www.google.com/s2/favicons?domain=eso.com&sz=128,
esri,Esri,esri.com,high,logos/esri.png,128,https://www.google.com/s2/favicons?domain=esri.com&sz=128,national brand
fallsway-equipment,Fallsway Equipment,fallsway.com,high,logos/fallsway-equipment.png,128,https://www.google.com/s2/favicons?domain=fallsway.com&sz=128,Akron OH; site confirmed
fastenal,Fastenal,fastenal.com,high,,,,national industrial supplier
fedex,FedEx,fedex.com,high,logos/fedex.png,32,https://www.google.com/s2/favicons?domain=fedex.com&sz=128,national brand
ferno,Ferno,ferno.com,high,logos/ferno.ico,64,https://ferno.com/favicon.ico,"Ferno-Washington, Wilmington OH stretchers"
finley-fire-equipment,Finley Fire Equipment,,,,,,Ohio Pierce dealer acquired by Atlantic Emergency Solutions 2021; finleyfire.com redirects there; domain atlanticemergency.com not used: acquired by Atlantic Emergency Solutions; logo would be Atlantic
fire-code-academy,Fire Code Academy,firecodeacademy.com,high,,,,Ohio fire code training
fire-dex,Fire-Dex,firedex.com,high,logos/fire-dex.png,128,https://www.google.com/s2/favicons?domain=firedex.com&sz=128,Gear Wash is a Fire-Dex division
fire-force,Fire Force,fireforceinc.com,high,logos/fire-force.png,32,https://www.google.com/s2/favicons?domain=fireforceinc.com&sz=128,Ohio (614) ARFF and live-fire training
fire-hose-direct,Fire Hose Direct,firehosedirect.com,high,logos/fire-hose-direct.png,16,https://www.google.com/s2/favicons?domain=firehosedirect.com&sz=128,
fire-safety-services,Fire Safety Services,fssohio.com,high,,,,"Ohio dealer, Huntsville OH"
fire-station-software,Fire Station Software,firestationsoftware.com,high,logos/fire-station-software.webp,64,https://firestationsoftware.com/Icon.webp,Littleton CO
firecatt,FireCatt,firecatt.com,high,logos/firecatt.png,128,https://www.google.com/s2/favicons?domain=firecatt.com&sz=128,fire hose testing company
firecom,Firecom,firecom.com,high,logos/firecom.png,128,https://www.google.com/s2/favicons?domain=firecom.com&sz=128,"firefighter headsets, division of Sonetics"
firefighter-supply-co,Firefighter Supply Co,firefightersupplyco.com,high,,,,"Utah-based, serves agencies nationwide"
firepenny,FirePenny,firepenny.com,high,logos/firepenny.gif,48,https://cdn11.bigcommerce.com/s-9mdzyjz7r4/product_images/flamefavi4.gif?t=1604958369,firefighter equipment retailer
first-arriving,First Arriving,firstarriving.com,high,logos/first-arriving.png,128,https://www.google.com/s2/favicons?domain=firstarriving.com&sz=128,fire/EMS communications software
first-due,First Due,firstdue.com,high,logos/first-due.png,128,https://www.google.com/s2/favicons?domain=firstdue.com&sz=128,fire RMS software (Locality Media)
first-professional-services,First Professional Services,firstprofessional.net,high,logos/first-professional-services.png,64,https://www.google.com/s2/favicons?domain=firstprofessional.net&sz=128,Utah ambulance billing
first-responders-first-frfirst,First Responders First (FRFirst),frfirst.com,high,logos/first-responders-first-frfirst.jpg,128,https://www.google.com/s2/favicons?domain=frfirst.com&sz=128,"Utah/Idaho/Nevada responder wellness, SRT Consulting LLC"
fleet-and-fire-equipment,Fleet and Fire Equipment,911fleet.com,high,logos/fleet-and-fire-equipment.png,128,https://www.google.com/s2/favicons?domain=911fleet.com&sz=128,"911 Fleet and Fire Equipment (KY/SC, serves Ohio); site confirmed"
fleetpride,FleetPride,fleetpride.com,high,logos/fleetpride.png,128,https://www.google.com/s2/favicons?domain=fleetpride.com&sz=128,national brand
flowmsp,FlowMSP,flowmsp.com,high,logos/flowmsp.png,32,https://www.google.com/s2/favicons?domain=flowmsp.com&sz=128,pre-incident planning software
foremost-promotions,Foremost Promotions,foremostpromotions.com,high,logos/foremost-promotions.png,128,https://www.google.com/s2/favicons?domain=foremostpromotions.com&sz=128,fire prevention giveaways
forestry-suppliers,Forestry Suppliers,forestry-suppliers.com,high,logos/forestry-suppliers.png,128,https://www.google.com/s2/favicons?domain=forestry-suppliers.com&sz=128,Jackson MS; national supplier
frazer,Frazer,frazerbilt.com,high,logos/frazer.png,94,https://www.frazerbilt.com/wp-content/uploads/2026/03/Frazer-icon.png,"Frazer Ltd, Houston TX ambulance builder"
frontier-communications,Frontier Communications,frontier.com,high,logos/frontier-communications.png,120,https://frontier.com/frontier-com-marketing-assets/img/favicons/apple-touch-icon.png,
galls,Galls,galls.com,high,logos/galls.png,16,https://www.google.com/s2/favicons?domain=galls.com&sz=128,
gary-s-shoes,Gary's Shoes,,,,,,
gatchell-grant-resources,Gatchell Grant Resources,ohiograntwriters.com,high,,,,Canton OH grant writing firm (GGR LLC)
gcs-billing,GCS Billing,gcsbilling.com,high,logos/gcs-billing.png,128,https://www.google.com/s2/favicons?domain=gcsbilling.com&sz=128,"Gold Cross Services ambulance billing, Salt Lake City; site confirmed"
geargrid,GearGrid,geargrid.com,high,-,,https://www.geargrid.com/favicon.ico,logo not used: site icon is WordPress's default
gold-cross-services,Gold Cross Services,goldcrossservices.com,high,logos/gold-cross-services.png,128,https://www.google.com/s2/favicons?domain=goldcrossservices.com&sz=128,Utah ambulance
graham-fire-apparatus,Graham Fire Apparatus,grahamfire.com,high,,,,"Rosenbauer dealer, Utah/S. Idaho/N. Nevada"
grainger,Grainger,grainger.com,high,logos/grainger.png,32,https://www.google.com/s2/favicons?domain=grainger.com&sz=128,
great-lakes-billing-associates,Great Lakes Billing Associates,glba911.com,high,,,,Cleveland OH ambulance billing
gts-technology-solutions,GTS Technology Solutions,gts-ts.com,high,logos/gts-technology-solutions.png,66,https://www.google.com/s2/favicons?domain=gts-ts.com&sz=128,Texas public-sector IT; gtsts.com is parked
haas-alert,HAAS Alert,haasalert.com,high,logos/haas-alert.png,128,https://www.google.com/s2/favicons?domain=haasalert.com&sz=128,
halcore-group,Halcore Group,,,,,,"Halcore Group (REV Group) owns Horton Emergency Vehicles, Grove City OH; no separate Halcore site found; domain hortonambulance.com not used: parent of Horton Emergency Vehicles; logo would be Horton"
hall-public-safety-upfitters,Hall Public Safety Upfitters,hallpublicsafety.com,high,logos/hall-public-safety-upfitters.jpg,72,"https://img1.wsimg.com/isteam/ip/c4806faa-df19-440f-b88f-f89433f93be0/blob-bbecc45.png/:/rs=w:72,h:72,m","Twinsburg/Alliance OH upfitter; acquired by LEHR Aug 2026, site still live"
hamilton-medical,Hamilton Medical,hamilton-medical.com,high,logos/hamilton-medical.png,128,https://www.google.com/s2/favicons?domain=hamilton-medical.com&sz=128,ventilators
handtevy,Handtevy,handtevy.com,high,logos/handtevy.png,64,https://www.handtevy.com/wp-content/themes/Handtevy/images/favicon.png,formerly Pediatric Emergency Standards Inc
harbor-freight-tools,Harbor Freight Tools,harborfreight.com,high,logos/harbor-freight-tools.png,128,https://www.google.com/s2/favicons?domain=harborfreight.com&sz=128,national brand
heiman-fire-equipment,Heiman Fire Equipment,heimanfire.com,medium,logos/heiman-fire-equipment.png,128,https://www.google.com/s2/favicons?domain=heimanfire.com&sz=128,Sioux Falls SD dealer shipping nationwide; OH/UT purchases likely catalog
henry-schein,Henry Schein,henryschein.com,high,logos/henry-schein.ico,64,https://www.henryschein.com/corporate.ico,national distributor
heritage-fire-equipment,Heritage Fire Equipment,heritagefireequipment.com,high,logos/heritage-fire-equipment.png,64,https://www.google.com/s2/favicons?domain=heritagefireequipment.com&sz=128,"Sutphen dealer, Southern Ohio/Indiana/WV/KY"
hogan-associates-construction,Hogan & Associates Construction,hoganconstruction.com,high,logos/hogan-associates-construction.png,128,https://www.google.com/s2/favicons?domain=hoganconstruction.com&sz=128,Utah builder
home-depot,Home Depot,homedepot.com,high,logos/home-depot.png,32,https://www.google.com/s2/favicons?domain=homedepot.com&sz=128,national retailer
honeywell,Honeywell,honeywell.com,high,logos/honeywell.png,112,https://www.google.com/s2/favicons?domain=honeywell.com&sz=128,payees Honeywell Analytics and Honeywell International
horton-emergency-vehicles,Horton Emergency Vehicles,hortonambulance.com,high,logos/horton-emergency-vehicles.png,128,https://www.google.com/s2/favicons?domain=hortonambulance.com&sz=128,Grove City OH ambulance maker; site confirmed
hose-rubber-supply,Hose & Rubber Supply,hoseandrubber.com,high,logos/hose-rubber-supply.png,32,https://www.google.com/s2/favicons?domain=hoseandrubber.com&sz=128,"Hose and Rubber Inc, Salt Lake City UT (3450 S 300 W)"
howell-rescue-systems,Howell Rescue Systems,howellrescue.com,high,logos/howell-rescue-systems.png,128,https://www.google.com/s2/favicons?domain=howellrescue.com&sz=128,Dayton OH rescue equipment dealer; site confirmed
hylant,Hylant,hylant.com,high,logos/hylant.png,72,https://hylant.com/favicons/apple-touch-icon-72x72.png,Ohio insurance broker
iamresponding,IamResponding,iamresponding.com,high,logos/iamresponding.png,128,https://www.google.com/s2/favicons?domain=iamresponding.com&sz=128,Emergency Services Marketing Corp is the operator
iia-lifting-services,IIA Lifting Services,industrial-ia.com,high,logos/iia-lifting-services.ico,64,https://industrial-ia.com/wp-content/uploads/2016/01/favicon.ico,IIA Lifting Services is a division of Industrial Inspection & Analysis (aerial ladder testing)
imagetrend,ImageTrend,imagetrend.com,high,logos/imagetrend.png,128,https://www.google.com/s2/favicons?domain=imagetrend.com&sz=128,"EMS/fire records software, Minnesota"
intermountain-farmers-association,Intermountain Farmers Association,ifa.coop,high,logos/intermountain-farmers-association.png,32,https://www.google.com/s2/favicons?domain=ifa.coop&sz=128,"Utah farm co-op, IFA Country Stores; site confirmed"
intermountain-health,Intermountain Health,intermountainhealthcare.org,high,logos/intermountain-health.jpg,128,https://www.google.com/s2/favicons?domain=intermountainhealthcare.org&sz=128,Intermountain Health; intermountainhealth.org redirects here
intermountain-rehab-agency,Intermountain Rehab Agency,,,,,,"Salt Lake/West Valley UT; listed at Intermountain Health WorkMed address, own site not found; domain intermountainhealthcare.org not used: domain inferred from an address only"
international-association-of-arson-investigators,International Association of Arson Investigators,firearson.com,high,logos/international-association-of-arson-investigators.png,72,https://www.firearson.com/media/is5ekoxd/favicon.png?width=72&height=72,IAAI association site
international-association-of-fire-chiefs,International Association of Fire Chiefs,iafc.org,high,logos/international-association-of-fire-chiefs.png,462,https://www.iafc.org:443/Sitefinity/WebsiteTemplates/MatrixBase/App_Themes/MatrixBase/images/IAFC_logo.png,association
international-code-council,International Code Council,iccsafe.org,high,logos/international-code-council.png,64,https://www.iccsafe.org/favicon.ico,code and training body
interstate-batteries,Interstate Batteries,interstatebatteries.com,high,logos/interstate-batteries.png,70,https://www.interstatebatteries.com/favicons/ms-icon-70x70.png,national brand
interstate-billing-service,Interstate Billing Service,interstatebilling.com,high,logos/interstate-billing-service.webp,64,https://interstatebilling.com/wp-content/uploads/2026/04/cropped-ibs-favicon-32x32.webp,Decatur AL receivables/billing firm used by truck parts dealers
intuit,Intuit,intuit.com,high,logos/intuit.png,128,https://www.google.com/s2/favicons?domain=intuit.com&sz=128,QuickBooks/payroll
iris-medical,Iris Medical,,,,,,
ispyfire,iSpyFire,ispyfire.com,high,logos/ispyfire.png,180,https://www.ispyfire.com/apple-touch-icon.png,Coeur d'Alene ID company
jack-s-tire-oil,Jack's Tire & Oil,,,,,,Logan UT tire dealer acquired by Purcell Tire in 2024; jackstireandoil.com redirects to purcelltire.com; domain purcelltire.com not used: acquired by Purcell Tire; logo would be Purcell
john-d-preuer-associates,John D. Preuer & Associates,fireemsbooks.com,high,logos/john-d-preuer-associates.png,64,https://www.google.com/s2/favicons?domain=fireemsbooks.com&sz=128,Mentor OH fire/EMS training books and materials
johnson-s-fire-equipment,Johnson's Fire Equipment,johnsonsfire.com,high,,,,Wellston OH fire equipment dealer since 1965
jones-bartlett-learning,Jones & Bartlett Learning,jblearning.com,high,logos/jones-bartlett-learning.png,50,https://www.google.com/s2/favicons?domain=jblearning.com&sz=128,publisher; now part of Ascend Learning
ken-garff,Ken Garff,kengarff.com,high,logos/ken-garff.png,32,https://www.google.com/s2/favicons?domain=kengarff.com&sz=128,Utah auto dealer group (Ken Garff Ford/Chevrolet)
kimtek,Kimtek,kimtekresearch.com,high,logos/kimtek.png,128,https://www.google.com/s2/favicons?domain=kimtekresearch.com&sz=128,"KIMTEK Corp, Orleans VT skid units; site confirmed"
knox-company,Knox Company,knoxbox.com,high,logos/knox-company.jpg,96,https://www.google.com/s2/favicons?domain=knoxbox.com&sz=128,"Knox-Box key boxes, Phoenix AZ"
l-n-curtis-sons,L.N. Curtis & Sons,lncurtis.com,high,logos/l-n-curtis-sons.png,32,https://cdn11.bigcommerce.com/s-mw2ustcglh/product_images/LN%20Curtis%20Favicon.png?t=1643650148,Western US fire equipment dealer; site confirmed
l3harris,L3Harris,l3harris.com,high,logos/l3harris.jpg,128,https://www.google.com/s2/favicons?domain=l3harris.com&sz=128,radios
laerdal-medical,Laerdal Medical,laerdal.com,high,logos/laerdal-medical.png,32,https://www.google.com/s2/favicons?domain=laerdal.com&sz=128,training manikins/EMS equipment
larry-h-miller,Larry H. Miller,larryhmillerchevrolet.com,medium,logos/larry-h-miller.png,16,https://www.google.com/s2/favicons?domain=larryhmillerchevrolet.com&sz=128,Larry H. Miller Chevrolet Murray UT dealer (dealerships sold to Asbury 2021); lhm.com is the Miller family company
larsen-fire-apparatus-service,Larsen Fire Apparatus Service,,,,,,
les-olson-company,Les Olson Company,lesolson.com,high,logos/les-olson-company.png,128,https://www.google.com/s2/favicons?domain=lesolson.com&sz=128,Utah IT/office technology (Les Olson IT)
les-schwab,Les Schwab,lesschwab.com,high,logos/les-schwab.png,72,https://www.lesschwab.com:443/on/demandware.static/Sites-lesus-Site/-/default/dwf321ef64/images/favicon/apple-icon-72x72.png,"tire centers, West"
lexipol,Lexipol,lexipol.com,high,logos/lexipol.png,128,https://www.google.com/s2/favicons?domain=lexipol.com&sz=128,
lgg-industrial,LGG Industrial,lggindustrial.com,medium,logos/lgg-industrial.png,59,https://www.google.com/s2/favicons?domain=lggindustrial.com&sz=128,"industrial hose, belting and sealing supplier; locations not confirmed"
life-assist,Life-Assist,life-assist.com,high,logos/life-assist.png,64,https://www.google.com/s2/favicons?domain=life-assist.com&sz=128,"EMS supplies, Rancho Cordova CA"
life-force-management,Life Force Management,lifeforcemanagement.com,high,,,,"ambulance billing, Northeast Ohio"
lifemed-safety,LifeMed Safety,lifemedsafety.com,high,logos/lifemed-safety.jpg,128,https://www.google.com/s2/favicons?domain=lifemedsafety.com&sz=128,"EMS equipment, Mountain West incl. UT; site confirmed"
lighthouse-uniform-company,Lighthouse Uniform Company,lighthouseuniform.com,high,logos/lighthouse-uniform-company.png,128,https://www.google.com/s2/favicons?domain=lighthouseuniform.com&sz=128,Seattle dress uniform maker
linde-gas-equipment,Linde Gas & Equipment,lindeus.com,high,logos/linde-gas-equipment.png,64,https://www.google.com/s2/favicons?domain=lindeus.com&sz=128,Linde US site; Praxair Distribution is the old name
locution-systems,Locution Systems,locution.com,high,logos/locution-systems.png,96,https://locution.com/favicon-96x96.png,station alerting; locutionsystems.com redirects
lowe-s,Lowe's,lowes.com,high,logos/lowe-s.png,16,https://www.google.com/s2/favicons?domain=lowes.com&sz=128,
lumen-technologies,Lumen Technologies,lumen.com,high,logos/lumen-technologies.png,32,https://www.google.com/s2/favicons?domain=lumen.com&sz=128,CenturyLink and Qwest are Lumen brands
masimo,Masimo,masimo.com,high,logos/masimo.png,16,https://www.google.com/s2/favicons?domain=masimo.com&sz=128,pulse oximetry
maverik,Maverik,maverik.com,high,logos/maverik.png,128,https://www.google.com/s2/favicons?domain=maverik.com&sz=128,Utah/Idaho fuel stores
mcgee-s-stamp-trophy,McGee's Stamp & Trophy,mcgeesawards.com,high,logos/mcgee-s-stamp-trophy.png,128,https://www.google.com/s2/favicons?domain=mcgeesawards.com&sz=128,Utah; mcgeesstamp.com redirects here
mckesson-medical-surgical,McKesson Medical-Surgical,mckesson.com,high,logos/mckesson-medical-surgical.ico,64,https://www.mckesson.com/siteassets/images/z-mckesson-logosicons/favicon.png,division site is mms.mckesson.com; renaming to Wellverse from Jan 2027 (wellverse.com redirects to mms.mckesson.com)
mcmaster-carr,McMaster-Carr,mcmaster.com,high,logos/mcmaster-carr.ico,96,https://www.mcmaster.com/init/gfx/favicon/favicon.ico,
mecc-regional-council-of-governments,MECC Regional Council of Governments,meccrcog-oh.gov,high,logos/mecc-regional-council-of-governments.jpg,128,https://www.google.com/s2/favicons?domain=meccrcog-oh.gov&sz=128,Gahanna OH dispatch consortium
medicount-management,Medicount Management,medicount.com,high,,,,Cincinnati OH ambulance billing
microsoft,Microsoft,microsoft.com,high,logos/microsoft.png,128,https://www.google.com/s2/favicons?domain=microsoft.com&sz=128,national brand
mistras-group,Mistras Group,mistrasgroup.com,high,logos/mistras-group.png,128,https://www.google.com/s2/favicons?domain=mistrasgroup.com&sz=128,testing/inspection
mobilcomm,MobilComm,mobilcomm.com,high,logos/mobilcomm.png,16,https://www.google.com/s2/favicons?domain=mobilcomm.com&sz=128,Cincinnati OH Motorola two-way radio dealer
montgomery-county-sheriff,Montgomery County Sheriff,mcohiosheriff.org,high,logos/montgomery-county-sheriff.png,144,https://www.mcohiosheriff.org/_assets_/images/touch-icon-iphone.png,Montgomery County OH (Dayton)
motorola-solutions,Motorola Solutions,motorolasolutions.com,high,logos/motorola-solutions.png,32,https://www.google.com/s2/favicons?domain=motorolasolutions.com&sz=128,national brand
mount-carmel-occupational-health,Mount Carmel Occupational Health,mountcarmelhealth.com,medium,logos/mount-carmel-occupational-health.png,128,https://www.google.com/s2/favicons?domain=mountcarmelhealth.com&sz=128,"Mount Carmel Health System, Columbus OH (occupational health is a service line)"
mount-olympus-pro-audio,Mount Olympus Pro Audio,mopallc.com,high,,,,"MOPA LLC, Draper UT, radio/AV; parent of SCS"
mountainland-supply,Mountainland Supply,mountainland.com,high,logos/mountainland-supply.png,48,https://www.google.com/s2/favicons?domain=mountainland.com&sz=128,Orem UT plumbing/HVAC/waterworks distributor; mountainlandsupply.com redirects
msa-safety,MSA Safety,msasafety.com,high,logos/msa-safety.png,16,https://www.google.com/s2/favicons?domain=msasafety.com&sz=128,
municipal-emergency-services,Municipal Emergency Services,meslifesafety.com,high,logos/municipal-emergency-services.jpg,180,https://www.meslifesafety.com/apple-touch-icon.png,renamed MES Life Safety; mesfire.com redirects there
mystery-ranch,Mystery Ranch,mysteryranch.com,high,logos/mystery-ranch.png,180,https://www.mysteryranch.com/mr-sca/img/apple-touch-icon.png,wildland packs
napa-auto-parts,NAPA Auto Parts,napaonline.com,high,logos/napa-auto-parts.png,96,https://www.napaonline.com/_ui/shared/images/favicon/favicon-96x96.png,NAPA national parts brand
national-fire-fighter-corp,National Fire Fighter Corp.,nationalfirefighter.com,high,logos/national-fire-fighter-corp.png,96,https://www.nationalfirefighter.com/favicon-96x96.png,
national-registry-of-emts,National Registry of EMTs,nremt.org,high,logos/national-registry-of-emts.png,128,https://www.google.com/s2/favicons?domain=nremt.org&sz=128,national EMT certification
national-testing-network,National Testing Network,nationaltestingnetwork.com,high,logos/national-testing-network.png,100,https://www.google.com/s2/favicons?domain=nationaltestingnetwork.com&sz=128,firefighter candidate testing
neofpa,NEOFPA,neofpa.org,high,,,,Northeast Ohio Fire Prevention Association
nfpa,NFPA,nfpa.org,high,logos/nfpa.png,32,https://www.google.com/s2/favicons?domain=nfpa.org&sz=128,National Fire Protection Association
north-ridge-fire-equipment,North Ridge Fire Equipment,northridgefire.com,high,logos/north-ridge-fire-equipment.jpg,128,https://www.google.com/s2/favicons?domain=northridgefire.com&sz=128,Missoula MT wildland/structure gear; site confirmed
nrs-northwest-river-supplies,NRS (Northwest River Supplies),nrs.com,high,logos/nrs-northwest-river-supplies.png,128,https://www.google.com/s2/favicons?domain=nrs.com&sz=128,"Northwest River Supplies, Moscow ID"
o-e-meyer,O.E. Meyer,oemeyer.com,high,logos/o-e-meyer.png,16,https://www.google.com/s2/favicons?domain=oemeyer.com&sz=128,"Sandusky OH gas, welding and medical oxygen distributor"
o-reilly-auto-parts,O'Reilly Auto Parts,oreillyauto.com,high,logos/o-reilly-auto-parts.jpg,128,https://www.google.com/s2/favicons?domain=oreillyauto.com&sz=128,national brand
office-depot,Office Depot,officedepot.com,high,logos/office-depot.png,96,https://www.google.com/s2/favicons?domain=officedepot.com&sz=128,national brand
ohd,OHD,ohdglobal.com,high,logos/ohd.webp,64,https://ohdglobal.com/wp-content/uploads/2024/05/cropped-favicon-192x192.png,"OHD LLLP = Occupational Health Dynamics (QuantiFit fit testing), not ohd.com"
ohio-billing,Ohio Billing,ohiobilling.com,high,logos/ohio-billing.png,128,https://www.google.com/s2/favicons?domain=ohiobilling.com&sz=128,Ohio EMS billing
ohio-bureau-of-workers-compensation,Ohio Bureau of Workers' Compensation,bwc.ohio.gov,high,,,,Ohio state agency; subdomain of ohio.gov
ohio-cat,Ohio CAT,ohiocat.com,high,logos/ohio-cat.png,128,https://www.google.com/s2/favicons?domain=ohiocat.com&sz=128,Ohio Caterpillar dealer; site confirmed
ohio-edison,Ohio Edison,firstenergycorp.com,high,logos/ohio-edison.png,32,https://www.google.com/s2/favicons?domain=firstenergycorp.com&sz=128,FirstEnergy utility; ohioedison.com redirects to firstenergycorp.com
ohio-fire-chiefs-association,Ohio Fire Chiefs' Association,ohiofirechiefs.com,high,logos/ohio-fire-chiefs-association.png,32,https://www.google.com/s2/favicons?domain=ohiofirechiefs.com&sz=128,Ohio association; site confirmed
ohio-fire-emergency-services-foundation,Ohio Fire & Emergency Services Foundation,,,,,,foundation page lives on Ohio Fire Chiefs Association site; no own domain found; domain ohiofirechiefs.com not used: page on the Ohio Fire Chiefs site; logo would be theirs
ohio-first-responder-grants,Ohio First Responder Grants,nationwidefirstrespondergrants.com,medium,logos/ohio-first-responder-grants.jpg,77,https://www.google.com/s2/favicons?domain=nationwidefirstrespondergrants.com&sz=128,"Ohio grant writer; site uses Nationwide First Responder Grants name, Ohio First Responder Grants email handle (ohiofirstrespondergrants@gmail.com)"
ohio-public-risk-insurance-agency,Ohio Public Risk Insurance Agency,ohiopublicriskins.com,high,logos/ohio-public-risk-insurance-agency.png,128,https://www.google.com/s2/favicons?domain=ohiopublicriskins.com&sz=128,Ohio Public Risks Insurance Agency dba VFIS of Ohio
ohio-state-firefighter-s-association,Ohio State Firefighter's Association,ohiofirefighters.org,high,logos/ohio-state-firefighter-s-association.png,32,https://www.google.com/s2/favicons?domain=ohiofirefighters.org&sz=128,Ohio association (OSFA); site confirmed
ohio-township-association-risk-management-authority,Ohio Township Association Risk Management Authority,otarma.org,high,logos/ohio-township-association-risk-management-authority.png,72,https://otarma.org/_assets_/img/touch-icon-iphone.png,Ohio insurance pool
ohiohealth,OhioHealth,ohiohealth.com,high,logos/ohiohealth.png,128,https://www.google.com/s2/favicons?domain=ohiohealth.com&sz=128,Central Ohio health system
overhead-door,Overhead Door,overheaddoor.com,medium,logos/overhead-door.png,128,https://www.google.com/s2/favicons?domain=overheaddoor.com&sz=128,national brand; payees are local Utah distributors
p-r-communications-service,P & R Communications Service,pandrcommunications.com,high,logos/p-r-communications-service.png,128,https://www.google.com/s2/favicons?domain=pandrcommunications.com&sz=128,"Motorola dealer, Dayton/Toledo/Sidney OH"
pacific-fitness-products,Pacific Fitness Products,pacificfitnessproducts.com,medium,logos/pacific-fitness-products.jpg,120,https://www.google.com/s2/favicons?domain=pacificfitnessproducts.com&sz=128,Lynnwood WA commercial fitness equipment dealer serving western states; category looks off
parr-public-safety-equipment,Parr Public Safety Equipment,parrpse.com,high,logos/parr-public-safety-equipment.png,48,https://www.google.com/s2/favicons?domain=parrpse.com&sz=128,Galloway OH emergency vehicle upfitter; being acquired by LEHR
peak-mobile-communications,Peak Mobile Communications,peakmobile.com,high,logos/peak-mobile-communications.png,32,https://peakmobile.com/images/pmcicon.png,Salt Lake City UT; site confirmed
penncare,PennCare,penncare.net,high,logos/penncare.jpg,128,https://www.google.com/s2/favicons?domain=penncare.net&sz=128,"Penn Care Inc, Niles OH EMS supplies and ambulance dealer"
peterson-plumbing-supply,Peterson Plumbing Supply,petersonplumbingsupply.com,high,logos/peterson-plumbing-supply.png,92,https://petersonplumbingsupply.com/wp-content/uploads/2025/06/logo-fav-92x150.png,Utah plumbing wholesaler
pfund-superior-sales,Pfund Superior Sales,pfundsuperior.com,high,logos/pfund-superior-sales.png,45,https://www.pfundsuperior.com/wp-content/uploads/2017/10/favicon.png,"ambulance dealer, North Canton OH (HQ Lower Burrell PA)"
phoenix-safety-outfitters,Phoenix Safety Outfitters,fireauthority.com,medium,-,,https://fireauthority.com/favicon.ico,"Springfield OH; bought by Galls 2025; phoenixsafetyoutfitters.com redirects to Galls Fire Authority site; logo not used: white icon, does not show on a white tile"
point-emblems,Point Emblems,pointemblems.com,high,logos/point-emblems.jpg,128,https://www.google.com/s2/favicons?domain=pointemblems.com&sz=128,Roy UT badges/coins maker; site confirmed
positive-promotions,Positive Promotions,positivepromotions.com,high,logos/positive-promotions.png,32,https://www.google.com/s2/favicons?domain=positivepromotions.com&sz=128,promotional products
powerdms,PowerDMS,powerdms.com,high,logos/powerdms.png,72,https://powerdms.com/ui/images/touch-icons/apple-touch-icon-72x72-precomposed.png?v=1,
pradco,PRADCO,pradco.com,high,logos/pradco.png,128,https://www.google.com/s2/favicons?domain=pradco.com&sz=128,Chagrin Falls OH talent assessments; site confirmed
premier-safety,Premier Safety,,,,,,premiersafety.com redirects to MES Life Safety (acquired 2024); domain meslifesafety.com not used: acquired by MES Life Safety; logo would be MES
premier-vehicle-installation,Premier Vehicle Installation,lehr.com,medium,logos/premier-vehicle-installation.png,128,https://www.google.com/s2/favicons?domain=lehr.com&sz=128,Salt Lake City upfitter; now operates under LEHR brand after rebrand (old site not found)
priority-dispatch,Priority Dispatch,prioritydispatch.net,high,logos/priority-dispatch.png,128,https://www.google.com/s2/favicons?domain=prioritydispatch.net&sz=128,"Medical Priority Consultants is Priority Dispatch Corp, Salt Lake City"
pro-air,Pro Air,proairmidwest.com,medium,-,,https://www.proairmidwest.com/favicon.ico,"Likely same company as Pro Air Midwest (Ellettsville IN, serves Ohio); legal-name match not confirmed; logo not used: site icon is WordPress's default"
pro-air-midwest,Pro Air Midwest,proairmidwest.com,high,-,,https://www.proairmidwest.com/favicon.ico,Ellettsville IN breathing air compressor distributor serving Ohio; site confirmed; logo not used: site icon is WordPress's default
professional-sales-service,Professional Sales & Service,pro-sales.com,high,logos/professional-sales-service.webp,100,https://images.squarespace-cdn.com/content/v1/63bb9c3577fa9473da13eb86/a968732b-f2b4-4863-bebf-9b77b8024a13/favicon.ico?format=100w,"PSS, Leader ambulance dealer, South El Monte CA"
pstrax,PSTrax,pstrax.com,high,logos/pstrax.jpg,128,https://www.google.com/s2/favicons?domain=pstrax.com&sz=128,Station Automation dba PSTrax
public-entities-pool-of-ohio,Public Entities Pool of Ohio,pepohio.org,high,logos/public-entities-pool-of-ohio.png,128,https://www.google.com/s2/favicons?domain=pepohio.org&sz=128,Ohio insurance pool
purcell-tire,Purcell Tire,purcelltire.com,high,logos/purcell-tire.jpg,128,https://www.google.com/s2/favicons?domain=purcelltire.com&sz=128,"Purcell Tire & Rubber Co; Utah locations (Ogden, Orem, SLC)"
pye-barker-fire-safety,Pye-Barker Fire & Safety,pyebarkerfs.com,high,logos/pye-barker-fire-safety.png,128,https://www.google.com/s2/favicons?domain=pyebarkerfs.com&sz=128,national fire protection services
quill,Quill,quill.com,high,logos/quill.png,128,https://www.google.com/s2/favicons?domain=quill.com&sz=128,office supplies
republic-services,Republic Services,republicservices.com,high,logos/republic-services.png,57,https://www.google.com/s2/favicons?domain=republicservices.com&sz=128,national waste hauler
rocky-mountain-ambulance,Rocky Mountain Ambulance,,,,,,possibly Rocky Mountain Ambulance Sales & Service (Paragonah UT); no website found
rocky-mountain-emergency-vehicles,Rocky Mountain Emergency Vehicles,rockymountainemergencyvehicles.com,high,logos/rocky-mountain-emergency-vehicles.jpg,49,https://www.google.com/s2/favicons?domain=rockymountainemergencyvehicles.com&sz=128,"Utah (801) ambulance dealer, Wheeled Coach"
rocky-mountain-power,Rocky Mountain Power,rockymountainpower.net,high,logos/rocky-mountain-power.png,128,https://www.google.com/s2/favicons?domain=rockymountainpower.net&sz=128,"PacifiCorp utility, UT/ID"
rogue-fitness,Rogue Fitness,roguefitness.com,high,logos/rogue-fitness.png,128,https://www.google.com/s2/favicons?domain=roguefitness.com&sz=128,Columbus OH; Coulter Ventures LLC is Rogue's legal entity
rosenbauer,Rosenbauer,rosenbauer.com,high,logos/rosenbauer.png,128,https://www.google.com/s2/favicons?domain=rosenbauer.com&sz=128,Rosenbauer America; rosenbaueramerica.com redirects to rosenbauer.com/en-us
rumpke,Rumpke,rumpke.com,high,logos/rumpke.png,1361,https://www.rumpke.com:443/favicon.ico,Ohio waste hauler
rush-truck-centers,Rush Truck Centers,rushtruckcenters.com,high,logos/rush-truck-centers.png,128,https://www.google.com/s2/favicons?domain=rushtruckcenters.com&sz=128,national truck dealer
safelite-autoglass,Safelite AutoGlass,safelite.com,high,logos/safelite-autoglass.png,128,https://www.google.com/s2/favicons?domain=safelite.com&sz=128,national auto glass
salt-lake-valley-emergency-communications-center,Salt Lake Valley Emergency Communications Center,,,,,,official site is only a specialdistrict.org subdomain; vecc.org and slvecc.org are parked; domain slvecc.specialdistrict.org not used: site on a shared platform (specialdistrict.org); its icon is the platform's
sam-brown-shields,Sam Brown Shields,sambrownshields.com,high,logos/sam-brown-shields.jpg,128,https://www.google.com/s2/favicons?domain=sambrownshields.com&sz=128,custom leather shields
sam-s-club,Sam's Club,samsclub.com,high,logos/sam-s-club.png,48,https://www.google.com/s2/favicons?domain=samsclub.com&sz=128,national brand
sbh-medical,SBH Medical,sbhmed.com,high,logos/sbh-medical.png,128,https://www.google.com/s2/favicons?domain=sbhmed.com&sz=128,Worthington/Columbus OH compounding and infusion pharmacy
scba-sales,SCBA Sales,scbasalesco.com,high,logos/scba-sales.png,128,https://www.google.com/s2/favicons?domain=scbasalesco.com&sz=128,"SCBA Sales & Rentals LLC, Lindon UT"
scholzen-products,Scholzen Products,scholzens.com,high,,,,St. George/Hurricane UT wholesale distributor since 1928; scholzenproducts.com redirects
sea-western,Sea-Western,seawestern.com,high,logos/sea-western.png,21,https://www.google.com/s2/favicons?domain=seawestern.com&sz=128,"Kirkland WA fire equipment supplier; acquired by MES Life Safety Nov 2025, own site still live"
sedgwick,Sedgwick,sedgwick.com,high,logos/sedgwick.png,128,https://www.google.com/s2/favicons?domain=sedgwick.com&sz=128,claims management
sensible-products,Sensible Products,sensibleproducts.com,high,logos/sensible-products.png,16,https://www.google.com/s2/favicons?domain=sensibleproducts.com&sz=128,Richfield OH; apparatus compartment storage and mounting
sherwin-williams,Sherwin-Williams,sherwin-williams.com,high,logos/sherwin-williams.png,57,https://www.sherwin-williams.com/apple-touch-icon.png,national brand
shi-international,SHI International,shi.com,high,logos/shi-international.ico,64,https://www.content.shi.com/SHIcom/images/Global/favicon.ico,national IT reseller
siddons-martin-emergency-group,Siddons-Martin Emergency Group,siddons-martin.com,high,logos/siddons-martin-emergency-group.png,64,https://www.siddons-martin.com/favicon-64.png,"Rosenbauer/emergency vehicle dealer, southwest"
simsushare,SimsUShare,simsushare.com,high,logos/simsushare.png,128,https://www.google.com/s2/favicons?domain=simsushare.com&sz=128,training simulation software
sirq,SIRQ,sirq.com,high,-,,https://www.google.com/s2/favicons?domain=sirq.com&sz=128,"Utah commercial construction; logo not used: white icon, does not show on a white tile"
skaggs-public-safety-uniforms,Skaggs Public Safety Uniforms,shopskaggs.com,high,logos/skaggs-public-safety-uniforms.jpg,128,https://www.google.com/s2/favicons?domain=shopskaggs.com&sz=128,"Skaggs Companies, Salt Lake City/Utah stores; site confirmed"
smith-power-products,Smith Power Products,smithpowerproducts.com,high,-,,https://smithpowerproducts.com/favicon.ico,"Utah engine/generator distributor, West Valley City; logo not used: site icon is WordPress's default"
smith-s-food-drug,Smith's Food & Drug,smithsfoodanddrug.com,high,logos/smith-s-food-drug.png,128,https://www.google.com/s2/favicons?domain=smithsfoodanddrug.com&sz=128,"Kroger banner, Utah"
southern-tire-mart,Southern Tire Mart,stmtires.com,high,logos/southern-tire-mart.png,128,https://www.google.com/s2/favicons?domain=stmtires.com&sz=128,commercial tire dealer; southerntiremart.com redirects to stmtires.com
sprintimage,SprintImage,sprintimage.net,high,logos/sprintimage.png,100,https://www.google.com/s2/favicons?domain=sprintimage.net&sz=128,Utah print shop (formerly SprintPrint)
standard-plumbing-supply,Standard Plumbing Supply,standardplumbing.com,high,logos/standard-plumbing-supply.png,32,https://www.standardplumbing.com/images/favicon.png,Sandy UT plumbing wholesaler
staples,Staples,staples.com,high,logos/staples.png,128,https://www.google.com/s2/favicons?domain=staples.com&sz=128,national retailer
strategic-communications-solutions,Strategic Communications Solutions,scs.tech,high,logos/strategic-communications-solutions.png,128,https://www.google.com/s2/favicons?domain=scs.tech&sz=128,Draper UT land mobile radio dealer; division of MOPA LLC
stryker,Stryker,stryker.com,high,logos/stryker.png,128,https://www.google.com/s2/favicons?domain=stryker.com&sz=128,national brand
sub-aquatics,Sub-Aquatics,breathingair.com,high,logos/sub-aquatics.jpg,180,https://www.breathingair.com/apple-touch-icon.png,Reynoldsburg OH; Sub-Aquatics Inc dba Breathing Air Systems
summit-fire-security,Summit Fire & Security,summitfiresecurity.com,high,logos/summit-fire-security.png,16,https://summitfiresecurity.com/wp-content/uploads/2026/02/Favicon.png,fire and life safety services
sunrise-engineering,Sunrise Engineering,sunrise-eng.com,high,-,,https://www.google.com/s2/favicons?domain=sunrise-eng.com&sz=128,"Utah engineering firm (Fillmore UT HQ); logo not used: white icon, does not show on a white tile"
sunroc,Sunroc,suncore.build,medium,-,,https://suncore.build/apple-touch-icon.png,"Sunroc Corp (Utah concrete/aggregate); sunroc.com redirects to Suncore Construction & Materials, a Clyde Company; logo not used: white icon, does not show on a white tile"
superior-equipment,Superior Equipment,superioreq.com,high,logos/superior-equipment.png,128,https://www.google.com/s2/favicons?domain=superioreq.com&sz=128,Salt Lake City UT; owned by Siddons-Martin Emergency Group since 2020
superior-uniform-sales,Superior Uniform Sales,superioruniformsales.com,high,logos/superior-uniform-sales.png,96,https://superioruniformsales.com/cdn/shop/files/SStarFavicon_96x96.png?v=1695861757,Toledo OH
supplycache,SupplyCache,supplycache.com,high,logos/supplycache.png,128,https://www.google.com/s2/favicons?domain=supplycache.com&sz=128,
sutphen,Sutphen,sutphen.com,high,logos/sutphen.png,128,https://www.google.com/s2/favicons?domain=sutphen.com&sz=128,"fire apparatus maker, Dublin OH"
symbolarts,SymbolArts,symbolarts.com,high,logos/symbolarts.png,100,https://symbolarts.com/wp-content/uploads/2020/03/logo-100x100.png,Utah badges and recognition products
t-mobile,T-Mobile,t-mobile.com,high,logos/t-mobile.png,57,https://www.t-mobile.com/apple-touch-icon.png,Sprint payee merged into T-Mobile
tablet-command,Tablet Command,tabletcommand.com,high,logos/tablet-command.png,512,https://www.tabletcommand.com/hubfs/favicon.png,incident management software
teleflex,Teleflex,teleflex.com,high,logos/teleflex.ico,48,https://teleflex.com/application/themes/teleflex/favicon.ico,
the-spectrum,The Spectrum,,,,,,likely Charter Spectrum (recurring monthly bills in CA/OH/UT); a UT payee could be St. George newspaper thespectrum.com; domain spectrum.com not used: ambiguous: Charter (spectrum.com) or the St. George newspaper
the-supply-cache,The Supply Cache,supplycache.com,high,logos/the-supply-cache.png,128,https://www.google.com/s2/favicons?domain=supplycache.com&sz=128,"wildland fire gear, Fort Collins CO"
the-ups-store,The UPS Store,theupsstore.com,high,logos/the-ups-store.png,48,https://www.google.com/s2/favicons?domain=theupsstore.com&sz=128,national franchise
thomas-ems,Thomas EMS,thomasems.com,high,logos/thomas-ems.png,100,https://thomasems.com/wp-content/uploads/2021/05/favicon-1-100x100.png,Salt Lake City UT; In-Med-Packs/transport packs
timeclock-plus,TimeClock Plus,tcpsoftware.com,high,logos/timeclock-plus.png,128,https://www.google.com/s2/favicons?domain=tcpsoftware.com&sz=128,TimeClock Plus rebranded TCP Software; timeclockplus.com redirects
tink-s-superior-auto-parts,Tink's Superior Auto Parts,tinksautoparts.com,high,logos/tink-s-superior-auto-parts.png,128,https://www.google.com/s2/favicons?domain=tinksautoparts.com&sz=128,Cedar City UT; site confirmed
trace-analytics,Trace Analytics,airchecklab.com,high,logos/trace-analytics.png,64,https://www.airchecklab.com/wp-content/uploads/2021/06/favicon-02.png,Austin TX breathing air testing; trace-analytics.com is unrelated
tractor-supply,Tractor Supply,tractorsupply.com,high,,,,national retailer
tri-air-testing,TRI Air Testing,triairtesting.com,high,logos/tri-air-testing.webp,64,https://airtesting.com/wp-content/uploads/2017/08/cropped-AirTestingfavicon2-1-32x32.png,"breathing air testing lab (Austin TX); site blocks bots, domain not content-checked"
tritech-software-systems,TriTech Software Systems,centralsquare.com,high,logos/tritech-software-systems.png,128,https://www.google.com/s2/favicons?domain=centralsquare.com&sz=128,TriTech merged into CentralSquare Technologies
truckpro,TruckPro,truckpro.com,high,logos/truckpro.jpg,128,https://www.google.com/s2/favicons?domain=truckpro.com&sz=128,national truck parts
tsi,TSI,tsi.com,high,logos/tsi.png,72,https://tsi.com/bundles/images/favicon/android-icon-72x72.png,TSI Incorporated (respirator fit testing)
turnouts,Turnouts,turnouts911.com,high,logos/turnouts.png,128,https://www.google.com/s2/favicons?domain=turnouts911.com&sz=128,Cuyahoga Falls/Akron OH turnout gear cleaning; turnouts.com is parked
u-s-bank,U.S. Bank,usbank.com,high,logos/u-s-bank.png,64,https://www.google.com/s2/favicons?domain=usbank.com&sz=128,national bank; P-Card program
ukg,UKG,ukg.com,high,logos/ukg.png,128,https://www.google.com/s2/favicons?domain=ukg.com&sz=128,Kronos is now UKG
uline,Uline,uline.com,high,logos/uline.jpg,128,https://www.google.com/s2/favicons?domain=uline.com&sz=128,national brand
university-of-akron,University of Akron,uakron.edu,high,logos/university-of-akron.png,120,https://www.uakron.edu:443/favicons/apple-icon-120x120.png,Ohio university
university-of-utah,University of Utah,utah.edu,high,logos/university-of-utah.png,180,https://templates.utah.edu/_main-v3-1/images/template/apple-touch-icon.png,university
upper-limit,Upper Limit,upperlimit.com,high,logos/upper-limit.jpg,90,https://www.google.com/s2/favicons?domain=upperlimit.com&sz=128,Salt Lake City fitness equipment distributor
us-postal-service,US Postal Service,usps.com,high,logos/us-postal-service.png,128,https://www.google.com/s2/favicons?domain=usps.com&sz=128,
utah-fuel-network,Utah Fuel Network,fleet.utah.gov,high,logos/utah-fuel-network.png,100,https://fleet.utah.gov/wp-content/uploads/site-icon-512-100x100.png,"State of Utah Division of Fleet Operations fuel network; division page, no own domain"
utah-local-governments-trust,Utah Local Governments Trust,utahtrust.gov,high,logos/utah-local-governments-trust.png,100,https://www.google.com/s2/favicons?domain=utahtrust.gov&sz=128,ULGT now brands as Utah Local Governments Trust at utahtrust.gov; ulgt.org redirects there
utah-outdoor-power-equipment,Utah Outdoor Power Equipment,utahoutdoorpowerequipment.com,high,logos/utah-outdoor-power-equipment.png,128,https://www.google.com/s2/favicons?domain=utahoutdoorpowerequipment.com&sz=128,Cedar City UT dealer
utah-state-firefighters-association,Utah State Firefighters Association,fireassociation.com,high,,,,Utah State Firefighters Association site
utah-valley-university,Utah Valley University,uvu.edu,high,logos/utah-valley-university.png,16,https://www.google.com/s2/favicons?domain=uvu.edu&sz=128,
vasu-communications,Vasu Communications,vasucom.com,high,,,,Mansfield OH radio dealer; site confirmed
vector-solutions,Vector Solutions,vectorsolutions.com,high,logos/vector-solutions.png,48,https://www.google.com/s2/favicons?domain=vectorsolutions.com&sz=128,TargetSolutions is a Vector Solutions brand
vehicle-lighting-solutions,Vehicle Lighting Solutions,vlsusa.com,medium,logos/vehicle-lighting-solutions.png,16,https://www.google.com/s2/favicons?domain=vlsusa.com&sz=128,"Draper UT Whelen distributor, domain from Officer.com listing; site did not load to confirm"
verathon,Verathon,verathon.com,high,logos/verathon.png,16,https://www.google.com/s2/favicons?domain=verathon.com&sz=128,airway/video laryngoscope maker
verizon,Verizon,verizon.com,high,logos/verizon.png,16,https://www.google.com/s2/favicons?domain=verizon.com&sz=128,national carrier
vfis,VFIS,vfis.com,high,logos/vfis.png,48,https://www.google.com/s2/favicons?domain=vfis.com&sz=128,fire/EMS insurance
visa,Visa,,,,,,"card program, not a vendor"
vogelpohl-fire-equipment,Vogelpohl Fire Equipment,vogelpohlfire.com,high,logos/vogelpohl-fire-equipment.png,128,https://www.google.com/s2/favicons?domain=vogelpohlfire.com&sz=128,Erlanger KY dealer serving Ohio
w-s-darley-co,W.S. Darley & Co.,darley.com,high,logos/w-s-darley-co.png,128,https://www.google.com/s2/favicons?domain=darley.com&sz=128,
w-w-williams,W.W. Williams,wwwilliams.com,high,logos/w-w-williams.png,128,https://www.google.com/s2/favicons?domain=wwwilliams.com&sz=128,"Ohio truck/diesel dealer (Brunswick, Columbus, Toledo, Youngstown); site confirmed"
walmart,Walmart,walmart.com,high,logos/walmart.png,180,https://www.walmart.com/apple-touch-icon.png,
warren-county-telecommunications-dept,Warren County Telecommunications Dept,warrencountyohio.gov,high,logos/warren-county-telecommunications-dept.png,48,https://www.google.com/s2/favicons?domain=warrencountyohio.gov&sz=128,Lebanon OH county government; dept site is telecom.warrencountyohio.gov
warren-fire-equipment,Warren Fire Equipment,,,,,,"Warren OH dealer (est. 1920), acquired by MES Life Safety; no standalone site found; domain meslifesafety.com not used: no site of its own; domain is the acquirer MES Life Safety"
waterway,Waterway,waterwayinc.com,high,logos/waterway.png,60,https://waterwayinc.com/apple-touch-icon.png,fire hose/ladder/pump testing; Waterway SW PA is a regional co-op member
waxie-sanitary-supply,Waxie Sanitary Supply,waxie.com,high,logos/waxie-sanitary-supply.jpg,48,https://www.google.com/s2/favicons?domain=waxie.com&sz=128,"janitorial supply, CA/UT"
weber-area-dispatch-911,Weber Area Dispatch 911,weber911.gov,high,,,,Ogden UT 911 district
weidner-fire,Weidner Fire,weidnerpro.com,medium,logos/weidner-fire.png,128,https://www.google.com/s2/favicons?domain=weidnerpro.com&sz=128,"Weidner & Associates, Midvale UT; fire division sold to SeaWestern (seawestern.com) Jan 2025; weidnerfire.com lapsed"
wells-fargo,Wells Fargo,,,,,,"bank card program, not a vendor"
wex,WEX,wexinc.com,high,logos/wex.png,128,https://www.google.com/s2/favicons?domain=wexinc.com&sz=128,WEX fleet card
wheeler-machinery,Wheeler Machinery,wheelercat.com,high,logos/wheeler-machinery.png,128,https://www.google.com/s2/favicons?domain=wheelercat.com&sz=128,Utah Caterpillar dealer
when-to-work,When To Work,whentowork.com,high,logos/when-to-work.png,72,https://whentowork.com/android-chrome-72x72.png?v=jwdmpPAK0E,scheduling software
witmer-public-safety-group,Witmer Public Safety Group,wpsginc.com,high,logos/witmer-public-safety-group.png,128,https://www.google.com/s2/favicons?domain=wpsginc.com&sz=128,PA; The Fire Store (thefirestore.com) is its fire brand
workforceqa,WorkforceQA,wfqa.com,high,logos/workforceqa.png,128,https://www.google.com/s2/favicons?domain=wfqa.com&sz=128,workforceqa.com redirects to wfqa.com
young-automotive-group,Young Automotive Group,youngautomotive.com,high,logos/young-automotive-group.png,16,https://www.google.com/s2/favicons?domain=youngautomotive.com&sz=128,Utah/Idaho/Montana dealer group; youngautomotivegroup.com redirects here
zoll-data-systems,Zoll Data Systems,zoll.com,high,logos/zoll-data-systems.png,16,https://www.google.com/s2/favicons?domain=zoll.com&sz=128,ZOLL Data Systems is a ZOLL Medical division
zoll-medical,Zoll Medical,zoll.com,high,logos/zoll-medical.png,16,https://www.google.com/s2/favicons?domain=zoll.com&sz=128,"defibrillators, Asahi Kasei company"
zoom,Zoom,zoom.com,high,logos/zoom.png,72,https://www.zoom.com/apple-touch-icon.png,Zoom Communications; site confirmed
