from_vendor,to_vendor,note,category
"8x8, Inc",8x8,"8x8 is a telephone (VoIP) company: telecom, not fleet",telecom
AccuMed,Accumed Billing,same ambulance billing company,
Across the Street,Across the Street Productions,the name config/vendor_map.csv uses,
ADP Payroll,ADP,same company,
ADP Payroll Services,ADP,same company,
Advanced Gas & Welding Solutions,Advanced Gas & Welding,same company,
Advantech Services and Parts L,Advantech Service & Parts,same company,
AE Door,Ae Door Sales,same company,
Aes,AES Ohio,AES Ohio (formerly Dayton Power & Light),
Algerine West Construction,Algerine West,same company,
All-American Fire Equipment in,All American Fire Equipment,same company,
Allstate Insurance,Allstate,same insurer,
American Safety &,American Safety & Health Institute,name cut off in the source,
Amerivet,Amerivet Contracting,same company,
FIRSTNET AT&T Mobility II LLC,AT&T,FirstNet is AT&T's public safety network,
Atlanic Emergency Solutions,Atlantic Emergency Solutions,spelling,
Atwell's,Atwell's Police & Fire Equipment,same company,
Atwell's Police & Fire Equipments,Atwell's Police & Fire Equipment,same company,
Atwell's Police & Fire Equipmt,Atwell's Police & Fire Equipment,same company,
Axcess Fire,Axcess Fire and Safety Supply,same company,
B&W Automotive Dba Bravo Chrysler Dodge Jeep of Alhambra,B&W Automotive Dba Bravo Chrysler,same dealer,
Bachman's HVAC Solutions,Bachman's,same company,
Benistar/Hartford-6795,Benistar/Hartford,same plan,
Best One Tire & Service of,Best One Tire & Service,same company,
Best One Tire & Service of Mid America,Best One Tire & Service,same company,
Best One Tire & SVC of Columbus,Best One Tire & Service,same company,
Best One Tire and Service of Mid Ameica,Best One Tire & Service,same company,
Best One Tire Service,Best One Tire & Service,same company,
Boeing Distribution SVCS,Boeing Distribution,same company,
Breating Air Systems,Breathing Air Systems,spelling,
Brondes Ford Maumee,Brondes Ford,same dealer,
Burgess Hearse & Ambulance Sales,Burgess Hearse & Ambulance,same company,
Burnham & Flowers Insurance Group,Burnham & Flower Insurance Group,spelling,
Burtons Fire,Burton's Fire,fire pump and apparatus repair (CAL FIRE lines): apparatus,apparatus
Butler Tech Ad Ed,Butler Tech,Butler Technology & Career Development Schools,
Butler Technology & Career,Butler Tech,Butler Technology & Career Development Schools,
Butler Technology & Career Dev. School,Butler Tech,Butler Technology & Career Development Schools,
Butler Technology & Career Development School,Butler Tech,Butler Technology & Career Development Schools,
Cal Fire,CAL FIRE,"California Department of Forestry and Fire Protection, as it names itself",
CAL FIRE (State of California),CAL FIRE,"California Department of Forestry and Fire Protection, as it names itself",
Capital One Trade Credit,Capital One,the name config/vendor_map.csv uses,
Cdw Goverment,CDW Government,spelling; the name config/vendor_rules.csv uses,
"Cdw Government LLC, Cdw Government",CDW Government,the name config/vendor_map.csv uses,
"Cdw Government, Ind.",CDW Government,the name config/vendor_map.csv uses,
CDW-G CDW Government,CDW Government,the name config/vendor_map.csv uses,
Center Point Energy,Centerpoint Energy,same utility,
Central Square Technologies,CentralSquare Technologies,same software company,
CentralSquare Technoligies,CentralSquare Technologies,same software company,
CERNI MOTORS - Painesville,Cerni Motors,same dealer,
Change Healthcare Practice,Change Healthcare,same ambulance billing company,
Change Healthcare Practice Mgmt Solutions,Change Healthcare,same ambulance billing company,
Change Healthcare Practice Mgt Solutions,Change Healthcare,same ambulance billing company,
Change Healthcare Tech Enabled,Change Healthcare,same ambulance billing company,
Change Healthcare Tech Enabled Service,Change Healthcare,same ambulance billing company,
Change Healthcare Tech. Enabled Serv.,Change Healthcare,same ambulance billing company,
Change Healthcare Technology,Change Healthcare,same ambulance billing company,
Change Healthcare Technology Enabled Services,Change Healthcare,same ambulance billing company,
Spectrum,Charter Communications,"Spectrum is Charter's brand (Time Warner Cable joined it in 2016); not Utah's 'The Spectrum', a St. George newspaper that shares the key SPECTRUM",
Time Warner - Spectrum,Charter Communications,"Spectrum is Charter's brand (Time Warner Cable joined it in 2016); not Utah's 'The Spectrum', a St. George newspaper that shares the key SPECTRUM",
Time Warner - Spectrum Business,Charter Communications,"Spectrum is Charter's brand (Time Warner Cable joined it in 2016); not Utah's 'The Spectrum', a St. George newspaper that shares the key SPECTRUM",
Time Warner Cable (Spectrum Enterprise),Charter Communications,"Spectrum is Charter's brand (Time Warner Cable joined it in 2016); not Utah's 'The Spectrum', a St. George newspaper that shares the key SPECTRUM",
Time Warner Cable-Northeast,Charter Communications,"Spectrum is Charter's brand (Time Warner Cable joined it in 2016); not Utah's 'The Spectrum', a St. George newspaper that shares the key SPECTRUM",
Altafiber,Cincinnati Bell,"Cincinnati Bell, renamed altafiber in 2022",
altafiber,Cincinnati Bell,"Cincinnati Bell, renamed altafiber in 2022",
Cincinnati Bell Any Distance,Cincinnati Bell,"Cincinnati Bell, renamed altafiber in 2022",
Cincinnati Bell Telephone,Cincinnati Bell,"Cincinnati Bell, renamed altafiber in 2022",
Cincinnati Bell Telephone Co. Dba Altaf,Cincinnati Bell,"Cincinnati Bell, renamed altafiber in 2022",
Comdoc Leasing,Comdoc,same company,
Comuunity First National Bank,Community First National Bank,spelling,
Companion Life,Companion Life Insurance,same insurer,
Computerland Silicon Valley,ComputerLand of Silicon Valley,same company,
Consolidated Fleet Services In,Consolidated Fleet Services,the name config/vendor_map.csv uses,
Coughlin Ford of CV,Coughlin Ford,same dealer,
Craig Mountain,Craig Mountain Excavation,same Idaho contractor,
Crash Course Village Inc,Crash Course Village,same training site,
Crashcourse Village Inc.,Crash Course Village,same training site,
Crewboss,CrewBoss,the company's spelling,
Cronin Ford Kia,Cronin Ford,same dealer,
Cummins Bridgeway,Cummins,the name config/vendor_map.csv uses,
Cummins Inc Dba Cummins Sales & Service,Cummins,the name config/vendor_map.csv uses,
Cummins Sales & Service,Cummins,the name config/vendor_map.csv uses,
Darol Stanton Logging,Darold Stanton Logging,spelling,
Dell Computers,Dell Technologies,the name config/vendor_map.csv uses,
Deltadental,Delta Dental,spelling,
Digitech,Digitech Computer,the name config/vendor_map.csv uses,
M O Dion & Sons,Dion & Sons,same company,
Direct Line,Direct Line Dozer,same CAL FIRE dozer contractor,
Duncan Oil - Propane,Duncan Oil,same company,
"Dvbe-sbe Enterprises, Inc. / dba Lenahan's Water Truck Service",Dvbe-sbe Enterprises,same company,
E & H Hardware Group,E&H Hardware,same company,
Elk Grove Auto,Elk Grove Auto Group,same dealer group,
Embroidery Wearhouse & Screen Printing,Embroidery Wearhouse & Screenprinting,same company,
Emergency Medicine Physicians of Franklin,Emergency Medicine Physicians of Franklin Cty,same practice,
Emergency Reporting - Backdraft OpCo,Emergency Reporting,same software company,
Empower Financial Services,Empower,same retirement plan company,
Ems Management &,Ems Management & Consultants,same company,
EMSAR Central,EMSAR,same company,
Equitable Financial Life Insurance,Equitable,same company,
Eso Soultions Inc,ESO Solutions,spelling; the name config/vendor_map.csv uses,
Exxon Fleet Services,ExxonMobil,the name config/vendor_map.csv uses,
Fallsway,Fallsway Equipment,same company,
Farmers National,Farmers National Bank,same bank,
Fastspring,FastSpring,the company's spelling,
Fidelity Natl Title Co of CA,Fidelity National Title,same company,
Fifth Third Bank-Cc,Fifth Third Bank,same bank,
Fifth Third Bank-Mastercard,Fifth Third Bank,same bank,
Fifth Third Bank/Card Center,Fifth Third Bank,same bank,
Fire Etc,Fire-Etc,the company's spelling,
Fire-Fly Fire Equipment Sales,Fire-Fly Fire Equipment,same company,
Firestorm Trucking CA,Firestorm Trucking,same company,
First in Last Out Fire Equipment,First In-Last Out Fire Equipment & Training,same Ohio company,
First In-Last Out Fire & Safety Equipment,First In-Last Out Fire Equipment & Training,same Ohio company,
First In-Last Out Fire & Safty Equipmen,First In-Last Out Fire Equipment & Training,same Ohio company,
First In-Last Out Fire Ezuipment & Training,First In-Last Out Fire Equipment & Training,same Ohio company,
First Merit,First Merit Bank,same bank,
Gerber Collision & Glass- Wilmington,Gerber Collision & Glass,same company,
Goodyear Comm Tire & Serv Cent,Goodyear,the name config/vendor_map.csv uses,
Goodyear Commercial Truck,Goodyear,the name config/vendor_map.csv uses,
Goodyear Commerical Tire & Svc Ctrs,Goodyear,the name config/vendor_map.csv uses,
Goodyear Tire,Goodyear,the name config/vendor_map.csv uses,
Goodyear Tire & Rubber,Goodyear,the name config/vendor_map.csv uses,
Great Lakes Best One Tire,Great Lakes Best One Tire & Service,same company,
Great Oaks,Great Oaks Career Campuses,same career school,
Great Oaks Institute of,Great Oaks Career Campuses,same career school,
Hall Public Safety Outfitters,Hall Public Safety Upfitters,same company,
Hastings Air Energy,Hastings Air Energy Control,same company,
Heartland Bank Mastercard,Heartland Bank,same bank,
HD SUPPLY Formerly Home Depot Pro,Home Depot,"Home Depot Pro (HD Supply), as vendor rule '^HOME DEPOT' names it",
Horton Emergency Vehicle,Horton Emergency Vehicles,same company,
HSA - Employer,HSA - Employer Match/Wellness,same account,
Humana Hlth Plan Ohio,Humana Health Plan Ohio,same plan,
Hunti50 (Huntington Bank),Huntington Bank,"The Huntington National Bank: payroll accounts, cards, trust and leasing",
Huntington,Huntington Bank,"The Huntington National Bank: payroll accounts, cards, trust and leasing",
Huntington Bank Mastercard,Huntington Bank,"The Huntington National Bank: payroll accounts, cards, trust and leasing",
Huntington Bank Taxes Withheld,Huntington Bank,"The Huntington National Bank: payroll accounts, cards, trust and leasing",
Huntington Bank-Credit Card,Huntington Bank,"The Huntington National Bank: payroll accounts, cards, trust and leasing",
Huntington Credit Card,Huntington Bank,"The Huntington National Bank: payroll accounts, cards, trust and leasing",
Huntington Nat'L Bank - Fire,Huntington Bank,"The Huntington National Bank: payroll accounts, cards, trust and leasing",
Huntington Nat'L Bank-Fin Dir,Huntington Bank,"The Huntington National Bank: payroll accounts, cards, trust and leasing",
Huntington National Bank,Huntington Bank,"The Huntington National Bank: payroll accounts, cards, trust and leasing",
Huntington National Bank Card,Huntington Bank,"The Huntington National Bank: payroll accounts, cards, trust and leasing",
Huntington Public Capital,Huntington Bank,"The Huntington National Bank: payroll accounts, cards, trust and leasing",
Huntington Trust,Huntington Bank,"The Huntington National Bank: payroll accounts, cards, trust and leasing",
Hylant - Cincinnati,Hylant,same insurance broker,
Hylant Adminstrative Services,Hylant,same insurance broker,
Jason Brown,Individuals (names withheld),a private person; a Utah payee has the same key and pipeline/build.py withholds Utah persons' names (a vendor_map row would show it),individuals
Matthew Evans,Individuals (names withheld),a private person; a Utah payee has the same key and pipeline/build.py withholds Utah persons' names (a vendor_map row would show it),individuals
Tyler Anderson,Individuals (names withheld),a private person; a Utah payee has the same key and pipeline/build.py withholds Utah persons' names (a vendor_map row would show it),individuals
International Association of Firefighters,International Association of Fire Fighters,IAFF,
Interstate Billing Servic,Interstate Billing Service,the name config/vendor_map.csv uses,
Jake Sweeney Chrysler Jeep Dodge,Jake Sweeney,same dealer group,
Jg Luke LLC Dba Moccasin Creek Tactical,Jg Luke,same company,
John Dsuban Spring Service,John D. Suban Spring Service,spelling,
Johnsons Emergency Vehicle,Johnson's Emergency Vehicle Solutions,same company,
Johnson Fire Equipment,Johnson's Fire Equipment,same Ohio dealer,
Chase Bank,JPMorgan Chase Bank,"one bank: payroll accounts, cards and debt service",
Chase Bank for Federal Withholding,JPMorgan Chase Bank,"one bank: payroll accounts, cards and debt service",
Chase Ink (credit card),JPMorgan Chase Bank,"one bank: payroll accounts, cards and debt service",
Jp Morgan Chase Bank,JPMorgan Chase Bank,"one bank: payroll accounts, cards and debt service",
JPMorgan Chase,JPMorgan Chase Bank,"one bank: payroll accounts, cards and debt service",
JPMorgan Chase (credit card),JPMorgan Chase Bank,"one bank: payroll accounts, cards and debt service",
JPMorgan Chase (debt service),JPMorgan Chase Bank,"one bank: payroll accounts, cards and debt service",
JPMorgan Chase Bank (payroll),JPMorgan Chase Bank,"one bank: payroll accounts, cards and debt service",
Kembra Credit Union,KEMBA Credit Union,spelling,
Ken Neyer Plumbling,Ken Neyer Plumbing,spelling,
"Key Chrysler Jeep, Dodge",Key Chrysler,same dealer,
Kilroy Realty 303,Kilroy Realty,same landlord,
Kovatch Mobile Equipment dba KME Fire Apparatus,KME Fire Apparatus,same apparatus maker,
Knapheide Truck Equipment,Knapheide Truck Equipment Center,same company,
Kolsom Tire,Kolsom Tires,same company,
Kolsom Tires Sales & Services,Kolsom Tires,same company,
Lake Cnty. Fire Chiefs Assoc.,Lake County Fire Chiefs Association,same association,
Levinson's Uniforms & Accessories,Levinson's Uniforms,same company,
Liberty Ford Canton,Liberty Ford,same dealer group,
Liberty Ford Lincoln Mercury,Liberty Ford,same dealer group,
Life Extensions Clinic,Life Extension Clinics,same clinic,
Life-Force,Life Force Management,same Ohio billing company,
Life Scan Wellness,Life Scan Wellness Center,same clinic,
Linde Gas North America,Linde Gas & Equipment,the name config/vendor_map.csv uses,
Linegear,Line Gear,same company,
Linegear Fire & Rescue,Line Gear,same company,
Lion Group,LION,"LION Group, the turnout gear maker",
Lube Depot & Tire,Lube Depot,same company,
Marathon,Marathon Petroleum,Marathon fuel and its fleet card,
Marathon Ashland Fleet Service,Marathon Petroleum,Marathon fuel and its fleet card,
Marathon Fleet Services,Marathon Petroleum,Marathon fuel and its fleet card,
Massh North,MASSH,same company,
Matheson Tri Gas Dba Valley,Matheson Tri-Gas,same company,
McKesson,McKesson Medical-Surgical,the name config/vendor_map.csv uses,
McKESSON MEDICAL SURGICAL GOV'T SOLUTION,McKesson Medical-Surgical,the name config/vendor_map.csv uses,
Mc Neil and,McNeil & Company,"McNeil & Company (emergency services insurance), as config/vendor_map.csv names it",
Medicare Matching,Medicare,employer Medicare tax,
Megacity Fire Protection,Mega City Fire Protection,same company,
Menard's,Menards,same retailer,
Menards - Evendale,Menards,same retailer,
Mnj Technologies,MNJ Technologies,same company,
Mnj Technologies Direct,MNJ Technologies,same company,
Mnj Technologies Public Sector,MNJ Technologies,same company,
Mobilcom,MobilComm,same Ohio radio company,
Mobile Modular Management,Mobile Modular,same company,
Mountain Gate Fire,Mountain Gate Fire Protection District,same district,
Msa,MSA Safety,the name config/vendor_map.csv uses,
Munic51 (Mes I Acquisition Inc),Municipal Emergency Services,MES (MES I Acquisition): the name config/vendor_map.csv uses,
Municipal Emergency Scvs,Municipal Emergency Services,MES (MES I Acquisition): the name config/vendor_map.csv uses,
Municipal Emergency Serv. depository acct,Municipal Emergency Services,MES (MES I Acquisition): the name config/vendor_map.csv uses,
Municipal Emergency Srvcs,Municipal Emergency Services,MES (MES I Acquisition): the name config/vendor_map.csv uses,
Municipal Emergengy Services,Municipal Emergency Services,spelling,
Cleves Auto Parts/NAPA,NAPA Auto Parts,"NAPA stores, as vendor rule '^NAPA' names them",
Cleves Napa,NAPA Auto Parts,"NAPA stores, as vendor rule '^NAPA' names them",
D&S Auto Parts dba NAPA Auto Parts,NAPA Auto Parts,"NAPA stores, as vendor rule '^NAPA' names them",
Napa,NAPA Auto Parts,"NAPA stores, as vendor rule '^NAPA' names them",
Napa - Canal Winchester,NAPA Auto Parts,"NAPA stores, as vendor rule '^NAPA' names them",
Napa Ohio,NAPA Auto Parts,"NAPA stores, as vendor rule '^NAPA' names them",
Napa Vandalia,NAPA Auto Parts,"NAPA stores, as vendor rule '^NAPA' names them",
National Hose Testing Specialties,National Hose Testing,same company,
Nelbud Services Group,Nelbud Services,same company,
NEOFPA Treasurer,NEOFPA,Northeast Ohio Fire Prevention Association,
National Fire Protection Assn,NFPA,National Fire Protection Association,
National Fire Protection Assoc,NFPA,National Fire Protection Association,
Nfpa International,NFPA,National Fire Protection Association,
No Vendor,No vendor named,placeholder payee,
Burea51 (Bwc State Insurance Fund),Ohio Bureau of Workers' Compensation,same state agency (BWC),
Bureau Of Workmans Compensation,Ohio Bureau of Workers' Compensation,same state agency (BWC),
Bureau of Workmen's Compensation,Ohio Bureau of Workers' Compensation,same state agency (BWC),
Oh Child Support Payment Central,Ohio Child Support Payment Central,same office,
Ohio Child Support,Ohio Child Support Payment Central,same office,
Ohio Fire & Emergency,Ohio Fire & Emergency Services Foundation,same foundation,
Ohio Fire & Emergency Serv. Foundation,Ohio Fire & Emergency Services Foundation,same foundation,
Ohio Fire & Emergency Services,Ohio Fire & Emergency Services Foundation,same foundation,
Ohio Fire & Emergency Services Fnd,Ohio Fire & Emergency Services Foundation,same foundation,
Ohio First Responders Grants,Ohio First Responder Grants,spelling,
Opedc,Ohio Public Employees Deferred Compensation,OPEDC is the Ohio Public Employees Deferred Compensation program,
Opedc Roth,Ohio Public Employees Deferred Compensation,OPEDC Roth accounts,
Ohio Public Employee Retirement System,Ohio Public Employees Retirement System,spelling,
Ohio Public Employees Retirment System,Ohio Public Employees Retirement System,spelling,
Ohio Public Risks Insurance Agency,Ohio Public Risk Insurance Agency,spelling,
Ohio Township Ass. Risk Management Auth.,Ohio Township Association Risk Management Authority,"OTARMA, the township insurance pool",
Ohio Township Ass. Risk Mngt Authority,Ohio Township Association Risk Management Authority,"OTARMA, the township insurance pool",
Ohio Township Assn Risk Mgmt Authority,Ohio Township Association Risk Management Authority,"OTARMA, the township insurance pool",
Ohio Township Assoc. Risk Mgmt. Authoriy,Ohio Township Association Risk Management Authority,"OTARMA, the township insurance pool",
Ohio Twp Assoc Risk Management Authority,Ohio Township Association Risk Management Authority,"OTARMA, the township insurance pool",
Ohio Twp. Assn Risk Management Authority,Ohio Township Association Risk Management Authority,"OTARMA, the township insurance pool",
OTARMA,Ohio Township Association Risk Management Authority,"OTARMA, the township insurance pool",
Ohio Health/Workhealth,OhioHealth,OhioHealth (WorkHealth is its occupational health service),
OhioHealth/WorkHealth,OhioHealth,OhioHealth (WorkHealth is its occupational health service),
Ok Fine Productions,OK Fine Productions,the company's spelling,
Old Fort Bank Visa,Old Fort Bank,same bank,
Opengov,OpenGov,the company's spelling,
Payroll - City of Wapakoneta,Payroll,"a payroll entry, not a company: the name config/vendor_map.csv uses",
Payroll - Net,Payroll,"a payroll entry, not a company: the name config/vendor_map.csv uses",
Payroll Deduction From Checking,Payroll,"a payroll entry, not a company: the name config/vendor_map.csv uses",
Payroll Gross Vendor,Payroll,"a payroll entry, not a company: the name config/vendor_map.csv uses",
Payroll Gross Voucher,Payroll,"a payroll entry, not a company: the name config/vendor_map.csv uses",
Payroll Medicare & Fica,Payroll,"a payroll entry, not a company: the name config/vendor_map.csv uses",
Payroll Only,Payroll,"a payroll entry, not a company: the name config/vendor_map.csv uses",
Payroll Vendor,Payroll,"a payroll entry, not a company: the name config/vendor_map.csv uses",
Penserv Plan Services,PenServ,same company,
Pitney Bowes Reserve Account,Pitney Bowes,postage account,
Pk Safety Supply,PK Safety Supply,the company's spelling,
Pnc,PNC Bank,"same bank (cards, HSA accounts)",
Pnc Bank,PNC Bank,"same bank (cards, HSA accounts)",
Pnc Bank - Purchase Card,PNC Bank,"same bank (cards, HSA accounts)",
Pnc Bank Business Card,PNC Bank,"same bank (cards, HSA accounts)",
Pnc Bank C.C.,PNC Bank,same bank,
PNC Bank Health Savings Account Services,PNC Bank,"same bank (cards, HSA accounts)",
PNC Benefit Plus,PNC Bank,"same bank (cards, HSA accounts)",
Pnc National Bank Assoc. (Pnc Credit Card),PNC Bank,"same bank (cards, HSA accounts)",
Poly-Tech & Associates,Poly-Tech Associates,same company,
Power Dms,PowerDMS,the name config/vendor_map.csv uses,
Ppe Software,PPE Software,the company's spelling,
Premier Bank Cardmember Service,Premier Bank,same bank,
Prodump and Excavating,Pro-Dump and Excavating,spelling,
Prudential Retirement,Prudential,same company,
The Prudential Insurance Company of America,Prudential,same company,
R & T Yoder,R & T Yoder Electric,same company,
Radio Mobile,Radiomobile,same radio company,
Rasix Computer,Rasix Computer Center,same company,
Recology San Francisco,Recology,"same company; waste haulers are utilities, as Waste Management and Republic Services in config/vendor_map.csv",utilities
Recology Sunset Scavenger,Recology,Recology's San Francisco company,
Regents of the Univ of CA,Regents of the University of California,one legal body for every UC campus,
Regents of the Univ of CA SD,Regents of the University of California,one legal body for every UC campus,
Regents of the University of,Regents of the University of California,one legal body for every UC campus,
Regents of the University of California at Los Angeles,Regents of the University of California,one legal body for every UC campus,
"Regents of the University of California, UC Davis",Regents of the University of California,one legal body for every UC campus,
Reliance Standard Life Ins.Co,Reliance Standard Life,same insurer,
Republic Services #798,Republic Services,the name config/vendor_map.csv uses,
Rmc-Resource Manaement Consultants,Rmc-Resource Management Consultants,spelling,
Roy Tailor Uniform,Roy Tailors Uniform,same company,
Roy Tailors Uniform Co. of Columbus,Roy Tailors Uniform,same company,
Rumpke Consolidated Companies,Rumpke,same company,
Rumpke Waste Removal Systems,Rumpke,same company,
Rusty's Towing Srevices,Rusty's Towing Service,spelling,
Sand Hollow Fire Deistrict,Sand Hollow Fire District,spelling,
Security Benefits,Security Benefit,spelling,
Sedgwick Claims Management,Sedgwick,same claims administrator,
Sedgwick Claims Management Services,Sedgwick,same claims administrator,
Sedgwick Claims Managment,Sedgwick,same claims administrator,
Sedgwick Claims Manangment Services,Sedgwick,same claims administrator,
Sedgwick Claims Mgt Services,Sedgwick,same claims administrator,
Shuttler's (Parma),Shuttler's Uniform,same Ohio uniform store,
Shuttler's Apparel,Shuttler's Uniform,same Ohio uniform store,
Shuttlers Uniforms,Shuttler's Uniform,same Ohio uniform store,
Siteone Landscape Supply,SiteOne Landscape Supply,the company's spelling,
Snap-on Industrial,Snap-on,Snap-on and its industrial division,
Snap-on Tools,Snap-on,Snap-on and its industrial division,
Speedway Super America LLC,Speedway,the name config/vendor_map.csv uses,
Speedway Superamerica,Speedway,the name config/vendor_map.csv uses,
Star 2 Star Communications,Star2Star Communications,same company,
Statewide Ford Lincoln Mercury,Statewide Ford Lincoln,same dealer,
Stoops Freightliner - Dayton,Stoops Freightliner,same dealer,
Suburban Propane - A/R Ctr,Suburban Propane,same company,
Summit County Fiscal Officer,Summit County Fiscal Office,same office,
Summitt Fire Apparatus,Summit Fire Apparatus,spelling,
Sun Life Financial / Dental,Sun Life,same insurer,
Sun Life Financial Policy 214802,Sun Life,same insurer,
Sunny Co munications,Sunny Communications,spelling,
Superfleet Master Card,Superfleet,same fuel card,
Superfleet Mastercard,Superfleet,same fuel card,
Superfleet Mastercard Pro,Superfleet,same fuel card,
Sysco Food Services,Sysco,same company,
Sysco Foods,Sysco,same company,
Sysco of Central CA,Sysco,same company,
Sysco Sacramento,Sysco,same company,
Ohio Treasurer of State,Treasurer of State of Ohio,same office,
Treas St of Ohio,Treasurer of State of Ohio,same office,
"Treas St of Ohio, Fund 615",Treasurer of State of Ohio,same office,
Treasure of State of Ohio,Treasurer of State of Ohio,spelling,
Treasureer of State of Ohio,Treasurer of State of Ohio,spelling,
Trivan and Truck Body,Trivan Truck Body,same company,
TruckPro-Columbus,TruckPro,the name config/vendor_map.csv uses,
U.S. Bancorp Government,U.S. Bancorp Government Leasing & Finance,U.S. Bancorp leasing payments: the name config/vendor_map.csv uses,
Us Bancorp,U.S. Bancorp Government Leasing & Finance,U.S. Bancorp leasing payments: the name config/vendor_map.csv uses,
Us Bancorp Equip. Finance,U.S. Bancorp Government Leasing & Finance,U.S. Bancorp leasing payments: the name config/vendor_map.csv uses,
Us Bancorp Government Leasing,U.S. Bancorp Government Leasing & Finance,U.S. Bancorp leasing payments: the name config/vendor_map.csv uses,
Usbancorp,U.S. Bancorp Government Leasing & Finance,U.S. Bancorp leasing payments: the name config/vendor_map.csv uses,
U S Bank National Assn,U.S. Bank,the name config/vendor_map.csv uses,
U.S. Bank Trust,U.S. Bank,the name config/vendor_map.csv uses,
Us Bank Cardmember Service,U.S. Bank,the name config/vendor_map.csv uses,
US Bank Equipment Financing,U.S. Bank,the name config/vendor_map.csv uses,
Us Bank Institutional Custody,U.S. Bank,the name config/vendor_map.csv uses,
Us Bank Voyager,U.S. Bank Voyager Fleet Systems,"U.S. Bank's fleet fuel card, kept apart from the bank: its lines are fuel purchases",
Voyager,U.S. Bank Voyager Fleet Systems,"U.S. Bank's fleet fuel card, kept apart from the bank: its lines are fuel purchases",
Voyager Fleet Systems,U.S. Bank Voyager Fleet Systems,"U.S. Bank's fleet fuel card, kept apart from the bank: its lines are fuel purchases",
U.S. Department of Agriculture (Forest Service),U.S. Department of Agriculture,one department,
US Dept of Agriculture,U.S. Department of Agriculture,one department,
Us Treasurey,U.S. Department of the Treasury,spelling,
US Treasury,U.S. Department of the Treasury,the name config/vendor_map.csv uses for UNITED STATES TREASURY,
United Rentals N America,United Rentals,the name config/vendor_map.csv uses,
Unity National Bank/Card Member Services,Unity National Bank,same bank,
University Hospital Health Systems,University Hospitals Health System,same hospital system,
University Hospital Occupational Health,University Hospitals Occupational Health,same clinic,
US Food Service,US Foods,US Foodservice is US Foods' former name; the name config/vendor_map.csv uses,
US Foodservice,US Foods,US Foodservice is US Foods' former name; the name config/vendor_map.csv uses,
US Foodservice/los Angeles,US Foods,US Foodservice is US Foods' former name; the name config/vendor_map.csv uses,
Valley Ford Truck,Valley Ford Truck Sales,same dealer,
Vasu Communitcations,Vasu Communications,spelling,
Vision Service Plan - (Ct),Vision Service Plan,"VSP, one national company",
Vision Service Plan Of Ohio,Vision Service Plan,"VSP, one national company",
Vision Service Plan-(OH),Vision Service Plan,"VSP, one national company",
Vision Services Plan,Vision Service Plan,"VSP, one national company",
Vision Services Plan - (OH),Vision Service Plan,"VSP, one national company",
W.S. Eletronics,W.S. Electronics,spelling,
Warren Fire Equiptment,Warren Fire Equipment,spelling,
Waterway of Southwest Pa,Waterway,"Waterway (fleet wash), its Southwest Pennsylvania branch",
Waterway Southwest Pa,Waterway,"Waterway (fleet wash), its Southwest Pennsylvania branch",
Waterway Sw Pa,Waterway,"Waterway (fleet wash), its Southwest Pennsylvania branch",
Waterways of Southwest PA,Waterway,"Waterway (fleet wash), its Southwest Pennsylvania branch",
Wells Fargo Financial Leasing,Wells Fargo,same bank,
Wesbanco Bank,Wesbanco,same bank,
West Mark Service Center,West Mark,same company,
Windstream Western Reserve,Windstream,same telephone company,
Windstream/Alltel,Windstream,same telephone company,
Witmer,Witmer Public Safety Group,the name config/vendor_map.csv uses,
Yoche Dehe Fire Department,Yocha Dehe Fire Department,spelling,
Zetron A Codan,Zetron,"Zetron, a Codan company",
The Ziegler Tire & Supply,Ziegler Tire,same company,
Zimcom Internet Solutions,Zimcom,same company,
Deluxe Door Systems,Deluxe Door Systems,a door company; vendor rule '^DELUXE' (Deluxe checks and forms) catches it by mistake,facilities
FireStationFurniture.com,FireStationFurniture.com,"station furniture: facilities, as Utah's keyword rule files it",facilities
Harris & Harris,Harris & Harris,"collection agency for ambulance bills (TX, CA): ems-billing, not finance",ems-billing
Health Care Logistics,Health Care Logistics,"EMS and pharmacy supplies: ems-supplies, not rms",ems-supplies
JE Dunn Construction,JE Dunn Construction,a construction company; the journal-entry keyword rule '^JE\b' catches it by mistake,construction
Canopy,,"CAL FIRE greenhouse payee; the key CANOPY also names an unrelated Utah payee, so no shared row",
