fema_recipient,agency_id,method
AMMON FIRE DEPARTMENT,ID-19315,exact
BELLEVUE FIRE DEPT.,ID-13302,exact
BIG CANYON FIRE DISTRICT,ID-69333,exact
BLACKFOOT  FIRE  DEPARTMENT,ID-11101,exact
CAMBRIDGE FIRE PROTECTION DISTRICT,ID-87330,exact
CASCADE RURAL FIRE PROTECTION DISTRICT,ID-85334,exact
CENTERVILLE FIRE DISTRICT,ID-15309,exact
CENTRAL FIRE DISTRICT,ID-51334,exact
CHUBBUCK FIRE DEPARTMENT,ID-05207,exact
COEUR D' ALENE FIRE DEPARTMENT,ID-55201,exact
COTTONWOOD RURAL FIRE DEPARTMENT,ID-49335,exact
DEARY RURAL FIRE DISTRICT,ID-57342,exact
EAGLE FIRE PROTECTION DISTRICT,ID-01344,exact
EAST SIDE FIRE PROTECTION DISTRICT,ID-55360,exact
FERDINAND FIRE DEPARTMENT,ID-49327,exact
FRUITLAND FIRE DEPARTMENT,ID-75302,exact
GATEWAY FIRE PROTECTION DISTRICT,ID-09302,exact
GRAND VIEW RURAL FIRE PROTECTION DIST,ID-73338,exact
HALL MOUNTAIN VOLUNTEER FIRE ASSOCIATION,ID-21344,exact
HAUSER LAKE FIRE PROTECTION DISTRICT,ID-55346,exact
IDAHO CITY FIRE PROTECTION DISTRICT,ID-15324,exact
INDIAN VALLEY RURAL FIRE DISTRICT,ID-03334,exact
INKOM FIRE DEPARTMENT,ID-05328,exact
ISLAND PARK FIRE DISTRICT,ID-43334,exact
JEROME CITY FIRE DEPARTMENT,ID-53201,exact
KAMIAH FIRE PROTECTION DISTRICT,ID-61335,exact
KETCHUM FIRE DEPARTMENT,ID-13203,exact
KOOTENAI COUNTY FIRE & RESCUE,ID-55234,exact
"LOWMAN VOLUNTEER FIRE DISTRICT, INC.",ID-15342,exact
MCCALL FIRE PROTECTION DISTRICT,ID-85339,exact
MICA KIDD ISLAND FIRE PROTECTION DISTRIC,ID-55354,truncated name
MIDDLETON RURAL FIRE DISTRICT,ID-27336,exact
MIDVALE FIRE PROTECTION DISTRICT,ID-87336,exact
MINIDOKA COUNTY FIRE PROTECTION DISTRICT,ID-67336,exact
NORTH OF THE NARROWS FIRE DISTRICT,ID-17339,exact
NORTHERN LAKES FIRE PROTECTION DISTRICT,ID-55342,exact
NORTHSIDE FIRE DISTRICT,ID-17333,exact
PLACERVILLE FIRE PROTECTION DIST. INC.,ID-15301,exact
PRICHARD / MURRAY VFD INC.,ID-79305,exact
RIDGE RUNNER FIRE DEPARTMENT,ID-49336,exact
ROBIE CREEK VOLUNTEER FIRE DEPARTMENT,ID-15313,exact
ROCK CREEK RURAL FIRE PROTECTION DIST,ID-83334,exact
ROCKLAND RURAL FIRE DISTRICT,ID-77306,exact
SAGLE FIRE DISTRICT,ID-17341,exact
SAM OWEN FIRE DISTRICT,ID-17360,exact
SCHWEITZER FIRE RESCUE DISTRICT,ID-17349,exact
SHOSHONE CITY AND RURAL FIRE DISTRICT,ID-63301,exact
SOUTH BOUNDARY FIRE PROTECTION DIST,ID-21346,exact
TIMBERLAKE FIRE PROTECTION DISTRICT,ID-55352,exact
WEISER AREA RURAL FIRE DISTRICT,ID-87334,exact
WEST END FIRE PROTECTION DISTRICT,ID-67334,exact
WEST PEND OREILLE FIRE DISTRICT,ID-17337,exact
WESTSIDE FIRE DISTRICT,ID-17335,exact
WORLEY FIRE PROTECTION DISTRICT,ID-55336,exact
