name_key,vendor,category,confidence,spend,agencies
10485 OLYMPIC,10485 Olympic (lessor),facilities,low,177498.83,1
ADVANCED RESCUE SYSTEMS,Advanced Rescue Systems,fire-equipment,medium,1604825.73,1
AFMA,AFMA,facilities,low,190129.02,1
AIR CLEANING,Air Cleaning Technologies,facilities,medium,2719378.94,1
AIR CLEANING TECHNOLOGIES,Air Cleaning Technologies,facilities,medium,1385019.78,3
ALLIANCE HEALTH RESOURCES,Alliance Health Resources,medical-exams,high,385957.86,1
AMBU,Ambu,ems-supplies,high,240075.63,1
AMERICAN COMMUNICATIONS,American Communications,telecom,low,17769.62,7
AMERICAN YOUTHWORKS,American YouthWorks,wildland,medium,380405.00,1
ANSLOW BRYANT CONSTRUCTION,Anslow Bryant Construction,construction,high,5926368.94,1
ARIAS AND ASSOCIATES,Arias & Associates,construction,medium,135429.35,1
ARIES BUILDING SYSTEMS,Aries Building Systems,construction,medium,215356.00,1
AT AND T ENTERPRISES,AT&T,telecom,high,3337359.77,173
AT3 AND RDC,AT3 & RDC,construction,medium,541944.44,1
AUGUST MATTRESS,August Mattress,facilities,medium,214174.00,2
AUSTIN TITLE,Austin Title,construction,low,3192234.61,1
AXCESS FIRE AND SAFETY SUPPLY,Axcess Fire and Safety Supply,fire-equipment,medium,108766.61,1
BAYCOM,Baycom,it,medium,232130.00,2
BELLMAN AND SYMFON NORTH AMERICA,Bellman & Symfon,general,low,180016.20,1
BLAIR COMMUNICATIONS,Blair Communications,radios,medium,10478.65,6
BLUETRITON BRANDS,BlueTriton Brands,general,medium,111462.21,2
BOAT RIGHT MARINE,Boat Right Marine,fleet,medium,408850.00,1
BRANDT COMPANIES,Brandt Companies,construction,medium,359760.00,1
BROWN AND ROOT INDUSTRIAL SERVICES,Brown & Root Industrial Services,construction,medium,2826773.97,1
BROWN REYNOLDS WATFORD ARCHITECTS,Brown Reynolds Watford Architects,construction,high,393523.92,2
BRYCER,Brycer,rms,medium,2022472.20,1
BRYCER LP,Brycer,rms,medium,538394.77,1
BRYMER COMMUNICATION SERVICES,Brymer Communication Services,it,medium,1545740.41,2
BUCKEYE CLEANING CENTER HOUS,Buckeye Cleaning Center,facilities,high,1091015.33,1
BUILDING ENVELOPE CONSULTANTS,Building Envelope Consultants,construction,medium,434120.26,1
CALDWELL AUTOMOTIVE PARTNERS,Caldwell Automotive Partners,fleet,high,489816.00,1
CALDWELL COUNTRY FORD,Caldwell Country Ford,fleet,high,211840.00,1
CAPITAL AREA OCCUPATIONAL MEDICINE,Capital Area Occupational Medicine,medical-exams,high,128672.48,1
CARAHSOFT TECHNOLOGY,Carahsoft Technology,software,medium,286656.65,4
CARRIER,Carrier,facilities,medium,58976.00,1
CASCO INDUSTRIES,Casco Industries,fire-equipment,high,1539264.40,3
CDW,CDW Government,it,high,306972.48,1
CELLCO PARTNERSHIP VERIZON WIRELESS,Verizon,telecom,high,1397827.70,75
CENTRALSQUARE TECHNOLOGIES,CentralSquare Technologies,rms,high,108570.81,1
CHASTANG ENTERPRISES,Chastang Ford,fleet,high,2306527.00,1
CHASTANG ENTERPRISES HOUSTON,Chastang Ford,fleet,high,714807.10,1
CHASTANGS BAYOU CITY FORD,Chastang Ford,fleet,high,267195.00,1
CLINICAL PATHOLOGY LABORATORIES,Clinical Pathology Laboratories,medical-exams,high,144886.19,2
COLLABORATE ARCH,Collaborate Architects,construction,medium,398315.34,1
CORNISH MEDICAL ELECTRONICS OF TEXAS,Cornish Medical Electronics,ems-equipment,medium,258646.65,1
COVIDIEN LP,Covidien,ems-equipment,medium,44866.80,1
CUSTOM LOGIC DESIGN,Custom Logic Design,software,low,180620.00,1
CYPRESS CREEK VOLUNTEER,Cypress Creek Volunteer Fire Department,government,low,206427.15,1
D7 ROOFING AND METAL,D7 Roofing and Metal,construction,high,884059.44,1
DALLAS COLLEGE,Dallas College,training,high,205946.00,1
DALLAS CONVENTION CENTER HOTEL DEVELOPMENT,Omni Dallas Hotel (Dallas Convention Center Hotel),training,low,240130.46,1
DALLAS COUNTY HOSPITAL DISTRICT,Parkland Health (Dallas County Hospital District),government,medium,2481073.17,1
DANA SAFETY SUPPLY,Dana Safety Supply,fleet,medium,182433.30,3
DATAMAX SOFTWARE GROUP,Datamax Software Group,software,medium,256097.75,1
DATAVOX,Datavox,it,medium,387657.19,3
DEATONS COMMUNICATIONS,Deaton's Communications,radios,medium,11115.93,2
DELTA FIRE AND SAFETY,Delta Fire & Safety,fire-equipment,medium,9560276.08,3
DH PACE,DH Pace,facilities,high,610764.89,1
DIGITAL AIR CONTROL,Digital Air Control,facilities,medium,261168.43,1
DIGITECH COMPUTER,Digitech Computer,ems-billing,high,33703756.86,2
DISTANCE LEARNING MEDIA,Distance Learning Media,professional,low,111538.46,1
DNB ENTERPRISES,DNB Enterprises,construction,low,455662.64,1
DRONEDEPLOY,DroneDeploy,software,high,105457.86,1
DUNHILL DEVELOPMENT AND CONSTRUCTION,Dunhill Development and Construction,construction,high,2041015.96,1
E CONTRACTORS USA,E Contractors USA,construction,medium,1945755.78,1
EARTHCO LANDSCAPE CONSTRUCTION,Earthco Landscape Construction,facilities,medium,796201.66,1
ED MORSE AUTOMOTIVE,Ed Morse Automotive,fleet,high,442593.96,1
ELK ELECTRIC,ELK Electric,construction,medium,1105801.13,1
ELP ENTERPRISES,ELP Enterprises,unclassified,low,1514.68,1
EMPIRE ROOFING COMPANIES,Empire Roofing,construction,high,234555.25,1
ENGLISH AND ASSOCIATES ARCHITECTS,English & Associates Architects,construction,high,341690.16,1
ENTECH SALES AND SERVICE,Entech Sales and Service,facilities,medium,314147.00,1
ENVIRONMENTAL CONSULTANTS,Environmental Consultants,professional,low,56392.50,1
ENVIRONMENTAL SYSTEMS RESEARCH INSTITUTE ESRI,Esri,software,high,148029.20,18
ERC ENVIRONMENTAL CONSULTANTS,ERC Environmental Consultants,professional,medium,301499.77,1
ETHAN HEALTH LGC,Ethan Health LGC,government,medium,10375769.00,1
FELIX MEDIA SOLUTIONS,Felix Media Solutions,it,medium,163928.48,1
FERKAM MANAGEMENT,Ferkam Management,construction,low,128644.05,2
FIERRO GROUP,Fierro Group,construction,low,270043.40,1
FIRETROL PROTECTION SYSTEMS,Firetrol Protection Systems,facilities,high,522697.51,1
FITNESS SUPERSTORE,Fitness Superstore,medical-exams,medium,127271.76,1
FLINTCO,Flintco,construction,high,27352466.18,1
FLOTEC,Flotec,ems-equipment,medium,151188.15,1
FPS LP,FPS,facilities,low,67757.00,1
FRAZER,Frazer,ambulance,high,12029333.84,1
FREEIT DATA SOLUTIONS,FreeIT Data Solutions,it,high,495547.81,2
FRONT LINE MOBILE HEALTH,Front Line Mobile Health,medical-exams,medium,1574469.00,1
FTS FOREST TECHNOLOGY SYSTEMS,FTS Forest Technology Systems,wildland,medium,115264.11,1
GAMMA WASTE SYSTEMS,Gamma Waste Systems,utilities,medium,258488.65,1
GEAR GRID,Gear-Grid,facilities,medium,12657.00,1
GENERAL DATATECH LP,General Datatech,it,high,14715.63,1
GENERAL ONE TIME VENDOR,No vendor named,placeholder,high,469193.19,1
GENERAL TRUCK BODY MFG,General Truck Body,fleet,medium,115477.00,1
GILA,Gila (MSB),ems-billing,medium,757601.52,1
GOODWIN ENGINEERING,Goodwin Engineering,construction,medium,144987.89,1
GRANITE DEFENSE AND TECHNOLOGIES,Granite Defense and Technologies,it,low,309717.86,5
GREATER HOUSTON HEALTHCONNECT,Greater Houston Healthconnect,software,medium,668675.00,1
GTS TECHNOLOGY SOLUTIONS,GTS Technology Solutions,it,high,2272365.13,21
HARRIS AND HARRIS,Harris & Harris,ems-billing,medium,675594.00,1
HARRIS COUNTY DEPT OF EDUCATION,Harris County Department of Education,government,medium,113539.37,1
HEALTHCONNECT TEXAS,Greater Houston Healthconnect,software,medium,134895.00,1
HEAT SAFETY EQUIPMENT,Heat Safety Equipment,fire-equipment,medium,340360.42,3
HERITAGE TITLE OF AUSTIN,Heritage Title of Austin,construction,low,1717118.30,1
HOME DEPOT USA,Home Depot,facilities,high,302873.97,1
HONEYWELL INTERNATIONAL,Honeywell,facilities,low,1483107.88,1
HORIZON GROUP INTL,Horizon International Group,construction,medium,1169629.36,1
HORIZON INTERNATIONAL GROUP,Horizon International Group,construction,medium,3082714.44,1
HOUSTON ARTS ALLIANCE,Houston Arts Alliance,professional,low,271842.50,1
HOUSTON COMMUNITY COLLEGE,Houston Community College,training,high,806263.26,1
HOUSTON PRESS LP,Houston Press,professional,low,21000.00,1
HOWMEDICA OSTEONICS,Stryker,ems-equipment,medium,3586453.19,1
HOWMEDICA OSTEONICS STRYKER SALES,Stryker,ems-equipment,high,723921.23,1
HOYT ENTERPRISES,Hoyt Enterprises,fire-equipment,low,126783.92,1
HPFFA MEDICAL TRUST 341,Houston Professional Fire Fighters Association Medical Trust,payroll,high,103100.00,1
IMMIXTECHNOLOGY,immixTechnology,software,medium,285042.84,1
INFRASTRUCTURE ASSOCIATES,Infrastructure Associates,construction,medium,280503.22,1
INGRAM TECHNOLOGIES,Ingram Technologies,it,medium,2636680.37,2
INTERNATIONAL ASSOCIATION OF FIRE FIGHTERS,International Association of Fire Fighters,training,medium,115525.00,2
JACOBS ENGINEERING GROUP,Jacobs Engineering,construction,medium,124974.78,1
JAMAIL AND SMITH CONSTRUCTION LP,Jamail & Smith Construction,construction,high,2597190.59,2
JAYMARK ENGINEERING,Jaymark Engineering,construction,medium,127819.24,1
JE DUNN CONSTRUCTION,JE Dunn Construction,construction,high,57557605.75,1
JEFFERSON SMITH,Jefferson Smith LLC,facilities,medium,5762349.12,1
JM ENGINEERING,JM Engineering,facilities,medium,870520.69,1
JOHNSON CONTROLS US HOLDINGS,Johnson Controls,facilities,medium,103616.17,1
JOHNSON HEALTH TECH RETAIL,Johnson Health Tech,medical-exams,medium,217563.11,1
JONES AND BARTLETT PUBLISHERS,Jones & Bartlett Learning,training,high,136605.58,1
JPMORGAN CHASE BANK NATIONAL,JPMorgan Chase,finance,high,1920440.24,1
KNAPP CHEVROLET,Knapp Chevrolet,fleet,high,5568109.00,1
KNIGHT SECURITY SYSTEMS,Knight Security Systems,facilities,medium,152580.97,2
L TRON,L-Tron,it,medium,14220.74,1
LAKE COUNTRY CHEVROLET,Lake Country Chevrolet,fleet,high,397100.17,2
LAN COMMUNICATIONS,LAN Communications,it,medium,76969.90,12
LIBERTY MUTUAL INSURANCE,Liberty Mutual,insurance,high,263703.11,1
LINCOLN PROPERTY COMMERCIAL,Lincoln Property Company,facilities,medium,386516.84,1
LINEBARGER GOGGAN BLAIR AND SAMPSON L,Linebarger Goggan Blair & Sampson,professional,medium,537126.19,1
LION FIRST RESPONDER PPE,LION,ppe,high,12833781.63,1
LION TOTALCARE,LION,ppe,high,7330237.68,2
LOCUTION SYSTEMS,Locution Systems,dispatch,high,351457.00,1
LONE STAR COLLEGE SYSTEM DISTRICT,Lone Star College,training,high,1684567.43,1
MEDICAL PRIORITY CONSULTANTS,Priority Dispatch (Medical Priority Consultants),dispatch,high,121932.54,1
MES I ACQUISITION,Municipal Emergency Services,fire-equipment,medium,4624231.14,1
METHODIST HOSPITAL,Houston Methodist,training,low,105556.36,1
METRO FIRE APPARATUS SPECIALISTS,Metro Fire Apparatus Specialists,apparatus,high,66922635.51,3
MOBILE COMMUNICATIONS AMERICA,Mobile Communications America,radios,high,139965.29,1
MOMAR,Momar,facilities,medium,192810.24,1
MORRIS AND MCDANIEL,Morris & McDaniel,professional,high,1386017.49,2
MSC INDUSTRIAL SUPPLY,MSC Industrial Supply,general,high,122228.35,1
MUNIZ CONCRETE AND CONTRACTING,Muniz Concrete and Contracting,construction,high,307629.00,1
MWM DESIGNGROUP,MWM DesignGroup,construction,medium,408750.45,1
NASH INDUSTRIES,Nash Industries,construction,medium,509490.49,1
NATIONWIDE SUPPLIES LP,Nationwide Supplies,general,medium,64977.84,1
NEUROLOGICA,NeuroLogica,ems-equipment,medium,408375.00,1
NOAHS MANUFACTURING,Noah's Manufacturing,facilities,low,36794.50,1
NORTH AMERICA FIRE EQUIPMENT,North America Fire Equipment,fire-equipment,high,387398.53,2
ONE GAS,ONE Gas (Texas Gas Service),utilities,high,341546.63,1
ORIENTAL BUILDING SERVICES,Oriental Building Services,facilities,medium,150984.84,1
PAGE SOUTHERLAND PAGE,Page Southerland Page,construction,high,338849.04,1
PANASONIC OF NORTH AMERICA,Panasonic,it,medium,141763.50,1
PATUXENT ROOFING AND CONTRACTING,Patuxent Roofing and Contracting,construction,high,336442.73,1
PEDERNALES ELECTRIC COOPERATIVE,Pedernales Electric Cooperative,utilities,high,86825.76,1
PENTEX,Pentex,general,low,6662.00,1
PUBLIC CONSULTING GROUP,Public Consulting Group,ems-billing,medium,217979.36,1
RESCUEGEAR,RescueGear,fire-equipment,high,689650.60,3
RS ELLIS,RS Ellis,construction,medium,14602746.01,1
RS HUGHES,RS Hughes,general,medium,21547.27,1
RUSH TRUCK CENTERS OF TEXAS LP,Rush Truck Centers,fleet,high,163183.50,1
RYDEN ARCHITECTURE,Ryden Architecture,construction,high,883115.85,1
SAFETY SHOE DISTRIBUTORS,Safety Shoe Distributors,uniforms,medium,231132.54,1
SAM PACKS FIVE STAR FORD,Sam Pack's Five Star Ford,fleet,high,375366.37,1
SCHNEIDER ELECTRIC BUILDINGS AMERICAS,Schneider Electric,facilities,medium,142144.81,2
SHI GOVERNMENT SOLUTIONS,SHI International,it,high,1159082.80,10
SILSBEE FORD,Silsbee Ford,fleet,high,1716218.66,2
SNAP ON INDUSTRIAL,Snap-on,fleet,medium,815.00,1
SOUTHEAST TEXAS REGIONAL ADVISORY,Southeast Texas Regional Advisory Council,professional,low,11587059.00,1
SOUTHLAND INDUSTRIES,Southland Industries,construction,medium,270253.00,1
SOUTHWEST INTERNATIONAL TRUCKS,Southwest International Trucks,fleet,high,92410.62,1
SP PLUS,SP Plus,facilities,medium,373055.00,1
SPAW GLASS CONSTRUCTION,SpawGlass,construction,high,1092028.57,1
SPAWGLASS CONTRACTORS,SpawGlass,construction,high,3528096.39,1
SPECTRUM IMAGING TECHNOLOGIES,Spectrum Imaging Technologies,it,medium,276750.71,3
SPOK,Spok,telecom,medium,140075.92,2
ST STEPHENS EPISCOPAL SCHOOL,St. Stephen's Episcopal School,facilities,low,618241.20,1
STAPLES CONTRACT AND COMMERCIAL,Staples,general,high,1080614.51,1
STAR SERVICE OF NEW ORLEANS,Star Service,construction,low,709562.84,1
STAR SERVICES,Star Service,construction,low,882771.66,1
STERLING MCCALL FORD,Sterling McCall Ford,fleet,high,3009322.00,1
STEWART ORGANIZATION LP,The Stewart Organization,it,medium,10830.65,1
SUMMITT FORESTS,Summitt Forests,wildland,medium,317428.24,1
SUMMUS INDUSTRIES,Summus Industries,it,high,1136196.44,2
SWCA,SWCA Environmental Consultants,professional,medium,329417.95,1
TEAL BUILDING AND CONSTRUCTION,Teal Building and Construction,construction,high,1228162.25,1
TEMPEST TECHNOLOGY,Tempest Technology,fire-equipment,medium,29030.10,1
TEXAS COMMISSION ON FIRE,Texas Commission on Fire Protection,government,high,521015.00,2
TEXAS COMMISSION ON FIRE PROTECTION,Texas Commission on Fire Protection,government,high,1460340.00,1
TEXAS DEPT OF STATE HEALTH SERVICES,Texas Department of State Health Services,government,high,104020.00,1
TEXAS ENERGY ENGINEERING SERVICES,Texas Energy Engineering Services,facilities,medium,213082.00,1
TEXAS KENWORTH,Texas Kenworth,fleet,high,177567.40,1
TIMES CONSTRUCTION,Times Construction,construction,high,139648.47,1
TRINI CONSTRUCTION BUILDER,Trini Construction Builders,construction,high,1148248.36,1
TRIPLE S STEEL,Triple-S Steel,construction,medium,14981.92,1
UNITY CONTRACTOR SERVICES,Unity Contractor Services,facilities,medium,738632.40,1
UNIVERSAL PROTECTION SERVICE LP,Allied Universal,facilities,medium,537060.04,1
UNMANNED VEHICLE TECHNOLOGIES,Unmanned Vehicle Technologies,fire-equipment,low,228749.11,1
WHARTON COUNTY JUNIOR COLLEGE DISTR,Wharton County Junior College,training,high,1586130.00,1
WISS JANNEY ELSTNER ASSOC,"Wiss, Janney, Elstner Associates",construction,medium,141233.25,1
WISS JANNEY ELSTNER ASSOCIATES,"Wiss, Janney, Elstner Associates",construction,medium,10709.19,1
WORKQUEST,WorkQuest,facilities,medium,265477.16,1
WW GRAINGER,Grainger,general,high,2694099.03,1
XEROX,Xerox,it,high,50208.33,5
