agency_id,fiscal_year,category_published,amount,source
TX-S-texas-a-and-m-forest-service,2021,CAPITAL OUTLAY,901583.35,tx_cpa
TX-S-texas-a-and-m-forest-service,2021,COMMUNICATIONS AND UTILITIES,1031230.14,tx_cpa
TX-S-texas-a-and-m-forest-service,2021,EMPLOYEE BENEFITS,7586005.41,tx_cpa
TX-S-texas-a-and-m-forest-service,2021,INTERGOVERNMENTAL PAYMENTS,17604680.06,tx_cpa
TX-S-texas-a-and-m-forest-service,2021,OTHER EXPENDITURES,12933591.83,tx_cpa
TX-S-texas-a-and-m-forest-service,2021,PRINTING AND REPRODUCTION,26645.51,tx_cpa
TX-S-texas-a-and-m-forest-service,2021,PROFESSIONAL SERVICE AND FEES,647103.18,tx_cpa
TX-S-texas-a-and-m-forest-service,2021,PUBLIC ASSISTANCE PAYMENTS,10946.97,tx_cpa
TX-S-texas-a-and-m-forest-service,2021,RENTALS AND LEASES,952393.66,tx_cpa
TX-S-texas-a-and-m-forest-service,2021,REPAIRS AND MAINTENANCE,1508322.16,tx_cpa
TX-S-texas-a-and-m-forest-service,2021,SALARIES AND WAGES,21677939.42,tx_cpa
TX-S-texas-a-and-m-forest-service,2021,SUPPLIES AND MATERIALS,1552210.83,tx_cpa
TX-S-texas-a-and-m-forest-service,2021,TRAVEL,1836019.57,tx_cpa
TX-S-texas-a-and-m-forest-service,2022,CAPITAL OUTLAY,2384903.19,tx_cpa
TX-S-texas-a-and-m-forest-service,2022,COMMUNICATIONS AND UTILITIES,961196.54,tx_cpa
TX-S-texas-a-and-m-forest-service,2022,EMPLOYEE BENEFITS,8275966.06,tx_cpa
TX-S-texas-a-and-m-forest-service,2022,INTERGOVERNMENTAL PAYMENTS,15842881.80,tx_cpa
TX-S-texas-a-and-m-forest-service,2022,OTHER EXPENDITURES,36630610.74,tx_cpa
TX-S-texas-a-and-m-forest-service,2022,PRINTING AND REPRODUCTION,29489.65,tx_cpa
TX-S-texas-a-and-m-forest-service,2022,PROFESSIONAL SERVICE AND FEES,587186.53,tx_cpa
TX-S-texas-a-and-m-forest-service,2022,RENTALS AND LEASES,1038592.87,tx_cpa
TX-S-texas-a-and-m-forest-service,2022,REPAIRS AND MAINTENANCE,1485387.04,tx_cpa
TX-S-texas-a-and-m-forest-service,2022,SALARIES AND WAGES,26798386.84,tx_cpa
TX-S-texas-a-and-m-forest-service,2022,SUPPLIES AND MATERIALS,2819876.42,tx_cpa
TX-S-texas-a-and-m-forest-service,2022,TRAVEL,1450844.33,tx_cpa
TX-S-texas-a-and-m-forest-service,2023,CAPITAL OUTLAY,3561804.59,tx_cpa
TX-S-texas-a-and-m-forest-service,2023,COMMUNICATIONS AND UTILITIES,1049151.74,tx_cpa
TX-S-texas-a-and-m-forest-service,2023,EMPLOYEE BENEFITS,8556353.05,tx_cpa
TX-S-texas-a-and-m-forest-service,2023,INTERGOVERNMENTAL PAYMENTS,18594732.79,tx_cpa
TX-S-texas-a-and-m-forest-service,2023,OTHER EXPENDITURES,12376798.25,tx_cpa
TX-S-texas-a-and-m-forest-service,2023,PRINTING AND REPRODUCTION,17684.01,tx_cpa
TX-S-texas-a-and-m-forest-service,2023,PROFESSIONAL SERVICE AND FEES,851256.03,tx_cpa
TX-S-texas-a-and-m-forest-service,2023,PUBLIC ASSISTANCE PAYMENTS,-8097.45,tx_cpa
TX-S-texas-a-and-m-forest-service,2023,RENTALS AND LEASES,1191171.04,tx_cpa
TX-S-texas-a-and-m-forest-service,2023,REPAIRS AND MAINTENANCE,1605015.46,tx_cpa
TX-S-texas-a-and-m-forest-service,2023,SALARIES AND WAGES,24504907.59,tx_cpa
TX-S-texas-a-and-m-forest-service,2023,SUPPLIES AND MATERIALS,2454243.78,tx_cpa
TX-S-texas-a-and-m-forest-service,2023,TRAVEL,1534571.61,tx_cpa
TX-S-texas-a-and-m-forest-service,2024,CAPITAL OUTLAY,4244414.53,tx_cpa
TX-S-texas-a-and-m-forest-service,2024,COMMUNICATIONS AND UTILITIES,1137485.50,tx_cpa
TX-S-texas-a-and-m-forest-service,2024,EMPLOYEE BENEFITS,10032375.54,tx_cpa
TX-S-texas-a-and-m-forest-service,2024,INTERGOVERNMENTAL PAYMENTS,22656947.06,tx_cpa
TX-S-texas-a-and-m-forest-service,2024,OTHER EXPENDITURES,76828076.27,tx_cpa
TX-S-texas-a-and-m-forest-service,2024,PRINTING AND REPRODUCTION,52204.94,tx_cpa
TX-S-texas-a-and-m-forest-service,2024,PROFESSIONAL SERVICE AND FEES,786571.13,tx_cpa
TX-S-texas-a-and-m-forest-service,2024,RENTALS AND LEASES,1003287.41,tx_cpa
TX-S-texas-a-and-m-forest-service,2024,REPAIRS AND MAINTENANCE,1870275.07,tx_cpa
TX-S-texas-a-and-m-forest-service,2024,SALARIES AND WAGES,30742149.42,tx_cpa
TX-S-texas-a-and-m-forest-service,2024,SUPPLIES AND MATERIALS,2338770.71,tx_cpa
TX-S-texas-a-and-m-forest-service,2024,TRAVEL,1586041.60,tx_cpa
