id,name,kind,county,city,usfa_fdid,dept_type,organization_type,stations,career,volunteer,paid_per_call,website,grants
CA-S-albion-little-river-fire-protection,Albion-Little River Fire Protection,Fire district,Mendocino,Albion,,,,,,,,,
CA-S-bayliss-fire-protection-district,Bayliss Fire Protection District,Fire district,Glenn,Willows,,,,,,,,,
CA-S-belmont-fire-protection-district,Belmont Fire Protection District,Fire district,San Mateo,Belmont,,,,,,,,,
CA-S-belmont-san-carlos-fire-department,Belmont-San Carlos Fire Department,Fire district,San Mateo,Belmont,,,,,,,,,
CA-S-big-bear-lake-fire-protection-district,Big Bear Lake Fire Protection District,Fire district,San Bernardino,Big Bear Lake,,,,,,,,,
CA-S-bishop-fire-protection-district,Bishop Fire Protection District,Fire district,Inyo,Bishop,,,,,,,,,
CA-S-boggs-tract-fire-protection-district,Boggs Tract Fire Protection District,Fire district,San Joaquin,Stockton,,,,,,,,,
CA-S-briceland-fire-protection-district,Briceland Fire Protection District,Fire district,Humboldt,Redway,,,,,,,,,
CA-S-buckeye-fire-protection-district,Buckeye Fire Protection District,Fire district,Shasta,Redding,,,,,,,,,
CA-S-capay-fire-protection-district,Capay Fire Protection District,Fire district,Tehama,Orland,,,,,,,,,
CA-S-central-marin-fire-authority,Central Marin Fire Authority,Fire district,Marin,Corte Madera,,,,,,,,,
CA-S-ceres-fire-protection-district,Ceres Fire Protection District,Fire district,Stanislaus,Salida,,,,,,,,,
CA-S-crescent-mills-fire-protection-district,Crescent Mills Fire Protection District,Fire district,Plumas,Quincy,,,,,,,,,
CA-S-dixon-fire-protection-district,Dixon Fire Protection District,Fire district,Solano,Dixon,,,,,,,,,
CA-S-dunsmuir-fire-protection-district,Dunsmuir Fire Protection District,Fire district,Siskiyou,Dunsmuir,,,,,,,,,
CA-S-eagleville-fire-protection-district,Eagleville Fire Protection District,Fire district,Modoc,Alturas,,,,,,,,,
CA-S-east-davis-fire-protection-district,East Davis Fire Protection District,Fire district,Yolo,Woodland,,,,,,,,,
CA-S-east-vallejo-fire-protection-district,East Vallejo Fire Protection District,Fire district,Solano,Fairfield,,,,,,,,,
CA-S-eastside-fire-protection-district,Eastside Fire Protection District,Fire district,San Joaquin,Stockton,,,,,,,,,
CA-S-fairview-fire-protection-district,Fairview Fire Protection District,Fire district,Alameda,Castro Valley,,,,,,,,,
CA-S-fall-river-valley-fire-protection-district,Fall River Valley Fire Protection District,Fire district,Shasta,McArthur,,,,,,,,,
CA-S-fontana-fire-protection-district,Fontana Fire Protection District,Fire district,San Bernardino,Fontana,,,,,,,,,
CA-S-fort-bidwell-fire-protection-district,Ft. Bidwell Fire Protection District,Fire district,Modoc,Alturas,,,,,,,,,
CA-S-fort-bragg-rural-fire-protection-district,Fort Bragg Rural Fire Protection District,Fire district,Mendocino,Fort Bragg,,,,,,,,,
CA-S-fruitland-ridge-fire-protection-district,Fruitland Ridge Fire Protection District,Fire district,Humboldt,Eureka,,,,,,,,,
CA-S-glenn-colusa-fire-protection-district,Glenn-Colusa Fire Protection District,Fire district,Glenn,Butte City,,,,,,,,,
CA-S-greenfield-fire-protection-district,Greenfield Fire Protection District,Fire district,Monterey,Greenfield,,,,,,,,,
CA-S-happy-camp-fire-protection-district,Happy Camp Fire Protection District,Fire district,Siskiyou,Happy Camp,,,,,,,,,
CA-S-hesperia-fire-protection-district,Hesperia Fire Protection District,Fire district,San Bernardino,Hesperia,,,,,,,,,
CA-S-janesville-fire-protection-district,Janesville Fire Protection District,Fire district,Lassen,Janesville,,,,,,,,,
CA-S-kensington-fire-protection-district,Kensington Fire Protection District,Fire district,Contra Costa,Kensington,,,,,,,,,
CA-S-klamath-fire-protection-district-no-5,Klamath Fire Protection District No. 5,Fire district,Del Norte,Klamath,,,,,,,,,
CA-S-lake-city-fire-protection-district,Lake City Fire Protection District,Fire district,Modoc,Alturas,,,,,,,,,
CA-S-lincoln-fire-protection-district,Lincoln Fire Protection District,Fire district,San Joaquin,Stockton,,,,,,,,,
CA-S-livermore-pleasanton-fire-department-joint-powers-authority,Livermore-Pleasanton Fire Department Joint Powers Authority,Fire district,Alameda,Livermore,,,,,,,,,
CA-S-loleta-fire-protection-district,Loleta Fire Protection District,Fire district,Humboldt,Loleta,,,,,,,,,
CA-S-lookout-fire-protection-district,Lookout Fire Protection District,Fire district,Modoc,Alturas,,,,,,,,,
CA-S-los-altos-hills-county-fire-district,Los Altos Hills County Fire District,Fire district,Santa Clara,Los Altos,,,,,,,,,
CA-S-lower-sweetwater-fire-protection-district,Lower Sweetwater Fire Protection District,Fire district,San Diego,National City,,,,,,,,,
CA-S-meeks-bay-fire-protection-district,Meeks Bay Fire Protection District,Fire district,El Dorado,Tahoma,,,,,,,,,
CA-S-meridian-fire-protection-district,Meridian Fire Protection District,Fire district,Sutter,Meridian,,,,,,,,,
CA-S-modesto-ceres-fire-protection-agency,Modesto Ceres Fire Protection Agency,Fire district,Stanislaus,Modesto,,,,,,,,,
CA-S-mono-city-fire-protection-district,Mono City Fire Protection District,Fire district,Mono,Lee Vining,,,,,,,,,
CA-S-montague-fire-protection-district,Montague Fire Protection District,Fire district,Siskiyou,Montague,,,,,,,,,
CA-S-monte-rio-fire-protection-district,Monte Rio Fire Protection District,Fire district,Sonoma,Monte Rio,,,,,,,,,
CA-S-myers-fire-protection-district,Myers Fire Protection District,Fire district,Humboldt,Myers Flat,,,,,,,,,
CA-S-natomas-fire-protection-district,Natomas Fire Protection District,Fire district,Sacramento,Sacramento,,,,,,,,,
CA-S-nevada-county-fire-agency,Nevada County Fire Agency,Fire district,Nevada,Grass Valley,,,,,,,,,
CA-S-no-mans-land-fire-protection-district,No-Mans Land Fire Protection District,Fire district,Yolo,Woodland,,,,,,,,,
CA-S-north-sonoma-coast-fire-protection-district,North Sonoma Coast Fire Protection District,Fire district,Sonoma,The Sea Ranch,,,,,,,,,
CA-S-oakdale-fire-protection-district,Oakdale Fire Protection District,Fire district,Stanislaus,Oakdale,,,,,,,,,
CA-S-orland-fire-protection-district,Orland Fire Protection District,Fire district,Glenn,Orland,,,,,,,,,
CA-S-pacific-fruitridge-fire-protection-district,Pacific Fruitridge Fire Protection District,Fire district,Sacramento,Sacramento,,,,,,,,,
CA-S-plumas-brophy-fire-protection-district,Plumas Brophy Fire Protection District,Fire district,Yuba,Wheatland,,,,,,,,,
CA-S-prattville-almanor-fire-protection-district,Prattville-Almanor Fire Protection District,Fire district,Plumas,Quincy,,,,,,,,,
CA-S-redwood-coast-fire-protection-district,Redwood Coast Fire Protection District,Fire district,Mendocino,Point Arena,,,,,,,,,
CA-S-regional-fire-protection-authority,Regional Fire Protection Authority,Fire district,San Bernardino,Victorville,,,,,,,,,
CA-S-san-mateo-consolidated-fire-department,San Mateo Consolidated Fire Department,Fire district,San Mateo,San Mateo,,,,,,,,,
CA-S-sleepy-hollow-fire-protection-district,Sleepy Hollow Fire Protection District,Fire district,Marin,San Anselmo,,,,,,,,,
CA-S-sonoma-county-fire-district,Sonoma County Fire District,Fire district,Sonoma,Windsor,,,,,,,,,
CA-S-springlake-fire-protection-district,Springlake Fire Protection District,Fire district,Yolo,Woodland,,,,,,,,,
CA-S-strathmore-fire-protection-district,Strathmore Fire Protection District,Fire district,Tulare,Strathmore,,,,,,,,,
CA-S-telegraph-ridge-fire-protection-district,Telegraph Ridge Fire Protection District,Fire district,Humboldt,Redway,,,,,,,,,
CA-S-tracy-fire-protection-district,Tracy Fire Protection District,Fire district,San Joaquin,Stockton,,,,,,,,,
CA-S-tuxedo-country-club-fire-protection-district,Tuxedo-Country Club Fire Protection District,Fire district,San Joaquin,Stockton,,,,,,,,,
CA-S-ukiah-valley-fire-protection-district,Ukiah Valley Fire Protection District,Fire district,Mendocino,Ukiah,,,,,,,,,
CA-S-vista-fire-protection-district,Vista Fire Protection District,Fire district,San Diego,Vista,,,,,,,,,
CA-S-walnut-grove-fire-protection-district,Walnut Grove Fire Protection District,Fire district,Sacramento,Walnut Grove,,,,,,,,,
CA-S-white-mountain-fire-protection,White Mountain Fire Protection,Fire district,Mono,Benton,,,,,,,,,
CA-S-williams-fire-protection-district,Williams Fire Protection District,Fire district,Colusa,Williams,,,,,,,,,
CA-S-willow-ranch-fire-protection-district,Willow Ranch Fire Protection District,Fire district,Modoc,Alturas,,,,,,,,,
CA-S-winters-fire-protection-district,Winters Fire Protection District,Fire district,Yolo,Winters,,,,,,,,,
CA-S-yuba-county-rural-fire-joint-powers-agency,Yuba County Rural Fire Joint Powers Agency,Fire district,Yuba,Oregon House,,,,,,,,,
