source,name,tier,url,years,fiscal_year,fetched,note
ca_corona,City of Corona Open Expenditures (CorStat),1,https://corstat.coronaca.gov/d/mdmf-aswt,2021-2026,"City of Corona FY, Jul-Jun",2026-10-06,"Corona Fire Department (department 30) payment lines, including pension and benefit payments; raw lines identical in every column but the row id kept once (no line number, so equal lines inside one invoice count once; payment, void and reissue keep their net); FY2026 partial (payments through 2026-06-30)"
ca_fiscal,Open FI$Cal department vendor transactions (CAL FIRE),1,https://open.fiscal.ca.gov/dept_vendor_transaction.html,2021-2026,"California state FY, Jul-Jun",2026-10-06,"CAL FIRE (state fire agency, business unit 3540), whole department: fire protection, State Fire Marshal and resource management; lines summed per voucher, payee, account, fund, program and date; CalCard purchases appear as payments to US Bank; the State publishes employee travel and training reimbursements to CONFIDENTIAL; raw lines identical in every column (document id included) kept once; FY2026 partial (postings through 2026-06-30)"
ca_la,Checkbook L.A. (Los Angeles City Controller),1,https://controllerdata.lacity.org/d/pggv-e4fn,2021-2027,"City of Los Angeles FY, Jul-Jun",2026-10-06,"Los Angeles Fire Department (department 38) invoice lines; cancelled checks are negative lines; the City publishes most refunds of ambulance and fire service charges to PRIVACY-FIRE instead of the payee; raw lines identical in every column but the row id kept once (invoice, line and PO numbers are content, so separate invoice lines are all kept); purchases other City departments make for Fire are not included; FY2027 partial (payments through 2026-09-09)"
ca_moreno_valley,City of Moreno Valley Open Expenditures,1,https://moreno-valley.data.socrata.com/d/qpw5-2938,2021-2026,"City of Moreno Valley FY, Jul-Jun",2026-10-06,"Moreno Valley Fire Department (departments Fire Operations, Fire Prevention and Fire - Office of Emergency Mgmt) invoice lines; most dollars are the City's contract payments to the County of Riverside for fire staffing (CAL FIRE operated); raw lines identical in every column but the row id kept once; purchases other City departments make for Fire are not included; FY2026 partial (payments through 2026-06-24)"
ca_riverside_county,County of Riverside Check Book (Riverside County Fire Department),1,https://data.countyofriverside.us/d/swwh-4ka9,2021-2027,"County of Riverside FY, Jul-Jun",2026-10-06,"County Fire Department (department Fire Protection) accounts-payable lines with a vendor; payroll, journal entries and internal charges are not included; the largest payee is the State (CAL FIRE) for contract staffing; raw lines identical in every column but the row id kept once (no line number, so equal lines inside one invoice count once; payment, void and reissue keep their net); FY2027 partial (lines through 2026-08-26)"
ca_sco_cities,"California State Controller, City Financial Transactions Reports (fire function)",3,https://bythenumbers.sco.ca.gov/d/ju3w-4gxp,2021-2024,"City FY, Jul-Jun",2026-10-06,"One annual total per city: current expenditures of the Fire function (operations only; capital outlay, debt service and the separate Emergency Medical Services line are not included); linked only to the city's own fire department; no vendors. FY2024 (2023-24) is the latest year the SCO has published"
ca_sco_districts,"California State Controller, Special Districts Financial Transactions Reports",3,https://bythenumbers.sco.ca.gov/d/m9u3-wdam,2021-2024,"Special district FY, Jul-Jun",2026-10-06,"Annual expenditure totals by report line (salaries, benefits, services and supplies, capital outlay, debt service) as filed by fire protection districts and fire authority JPAs; no vendors. FY2024 (2023-24) is the latest year the SCO has published"
ca_scprs,SCPRS Purchase Order Data (CAL FIRE purchase orders),2,https://data.ca.gov/dataset/purchase-order-data,2013-2015,"California state FY, Jul-Jun",2026-10-06,"CAL FIRE (state fire agency) purchase order lines with quantity, unit price and UNSPSC commodity; FY2012-13 to FY2014-15 only (the State publishes no later bulk extract); purchase order amounts, not payments; no brand field; raw lines identical in every column kept once (no line number, so a line repeated inside one PO counts once)"
ca_sf,San Francisco Vendor Payments (Vouchers),1,https://data.sf.gov/d/n9pm-xkyq,2021-2027,"City and County of San Francisco FY, Jul-Jun",2026-10-06,"Fire Department (FIR) voucher lines, amounts paid; the Controller removes payments to employees, jurors, witnesses, refunds, judgments and claims before publishing; no payment date; raw lines identical in every column but the row and load ids kept once (vouchers are content, so payments on different vouchers are all kept); purchases other departments make for Fire are not included; FY2027 partial (data loaded 2026-10-05)"
